"Région";"Départements";"Code commune (INSEE)";"Commune";"nombre de redevables";"patrimoine moyen en €";"impôt moyen en €";"";"";"";"";"";"";""
"AUVERGNE-RHONE-ALPES";"AIN";"01 053";"BOURG-EN-BRESSE";"157";"2 261 155";"8 297";"";"";"";"";"";"";""
"AUVERGNE-RHONE-ALPES";"AIN";"01 283";"OYONNAX";"88";"3 236 170";"12 078";"";"";"";"";"";"";""
"AUVERGNE-RHONE-ALPES";"ALLIER";"03 185";"MONTLUCON";"111";"2 591 793";"9 721";"";"";"";"";"";"";""
"AUVERGNE-RHONE-ALPES";"ALLIER";"03 190";"MOULINS";"59";"2 524 509";"10 026";"";"";"";"";"";"";""
"AUVERGNE-RHONE-ALPES";"ALLIER";"03 310";"VICHY";"177";"2 369 664";"7 316";"";"";"";"";"";"";""
"AUVERGNE-RHONE-ALPES";"CANTAL";"15 014";"AURILLAC";"118";"2 606 677";"9 251";"";"";"";"";"";"";""
"AUVERGNE-RHONE-ALPES";"DROME";"26 198";"MONTELIMAR";"170";"2 694 564";"10 374";"";"";"";"";"";"";""
"AUVERGNE-RHONE-ALPES";"DROME";"26 281";"ROMANS";"100";"2 330 674";"7 176";"";"";"";"";"";"";""
"AUVERGNE-RHONE-ALPES";"DROME";"26 362";"VALENCE";"260";"2 749 326";"10 698";"";"";"";"";"";"";""
"AUVERGNE-RHONE-ALPES";"HAUTE-SAVOIE";"74 010";"ANNECY";"1 196";"2 424 021";"8 938";"";"";"";"";"";"";""
"AUVERGNE-RHONE-ALPES";"HAUTE-SAVOIE";"74 012";"ANNEMASSE";"113";"2 184 705";"7 509";"";"";"";"";"";"";""
"AUVERGNE-RHONE-ALPES";"HAUTE-SAVOIE";"74 281";"THONON-LES-BAINS";"245";"2 528 043";"11 240";"";"";"";"";"";"";""
"AUVERGNE-RHONE-ALPES";"ISERE";"38 053";"BOURGOIN JALLIEU";"86";"2 538 748";"9 754";"";"";"";"";"";"";""
"AUVERGNE-RHONE-ALPES";"ISERE";"38 185";"GRENOBLE";"709";"2 523 982";"9 452";"";"";"";"";"";"";""
"AUVERGNE-RHONE-ALPES";"ISERE";"38 544";"VIENNE";"146";"2 378 705";"8 218";"";"";"";"";"";"";""
"AUVERGNE-RHONE-ALPES";"ISERE";"38 563";"VOIRON";"108";"2 789 975";"12 176";"";"";"";"";"";"";""
"AUVERGNE-RHONE-ALPES";"LOIRE";"42 187";"ROANNE";"108";"2 408 761";"9 623";"";"";"";"";"";"";""
"AUVERGNE-RHONE-ALPES";"LOIRE";"42 207";"SAINT CHAMOND";"72";"2 679 118";"9 681";"";"";"";"";"";"";""
"AUVERGNE-RHONE-ALPES";"LOIRE";"42 218";"SAINT ETIENNE";"471";"2 544 960";"9 989";"";"";"";"";"";"";""
"AUVERGNE-RHONE-ALPES";"PUY-DE-DOME";"63 113";"CLERMONT-FERRAND";"484";"2 503 563";"10 260";"";"";"";"";"";"";""
"AUVERGNE-RHONE-ALPES";"RHONE";"69 029";"BRON";"172";"2 431 917";"8 984";"";"";"";"";"";"";""
"AUVERGNE-RHONE-ALPES";"RHONE";"69 034";"CALUIRE ET CUIRE";"563";"2 796 882";"9 611";"";"";"";"";"";"";""
"AUVERGNE-RHONE-ALPES";"RHONE";"69 275";"DECINES-CHARPIEU";"55";"2 104 158";"6 289";"";"";"";"";"";"";""
"AUVERGNE-RHONE-ALPES";"RHONE";"69 123";"LYON";"4 718";"2 740 466";"10 415";"";"";"";"";"";"";""
"AUVERGNE-RHONE-ALPES";"RHONE";"69 282";"MEYZIEU";"95";"2 835 529";"11 687";"";"";"";"";"";"";""
"AUVERGNE-RHONE-ALPES";"RHONE";"69 149";"OULLINS";"71";"2 197 514";"8 058";"";"";"";"";"";"";""
"AUVERGNE-RHONE-ALPES";"RHONE";"69 286";"RILLIEUX LA PAPE";"105";"2 458 141";"10 357";"";"";"";"";"";"";""
"AUVERGNE-RHONE-ALPES";"RHONE";"69 204";"SAINT-GENIS-LAVAL";"182";"2 416 434";"8 116";"";"";"";"";"";"";""
"AUVERGNE-RHONE-ALPES";"RHONE";"69 290";"SAINT-PRIEST";"81";"2 844 559";"10 884";"";"";"";"";"";"";""
"AUVERGNE-RHONE-ALPES";"RHONE";"69 202";"STE FOY LES LYON";"411";"2 882 466";"11 611";"";"";"";"";"";"";""
"AUVERGNE-RHONE-ALPES";"RHONE";"69 244";"TASSIN-LA-DEMI-LUNE";"269";"2 654 925";"9 474";"";"";"";"";"";"";""
"AUVERGNE-RHONE-ALPES";"RHONE";"69 264";"VILLEFRANCHE-SUR-SAONE";"107";"2 320 604";"8 760";"";"";"";"";"";"";""
"AUVERGNE-RHONE-ALPES";"RHONE";"69 266";"VILLEURBANNE";"274";"2 211 022";"6 861";"";"";"";"";"";"";""
"AUVERGNE-RHONE-ALPES";"SAVOIE";"73 008";"AIX LES BAINS";"247";"2 207 023";"7 418";"";"";"";"";"";"";""
"AUVERGNE-RHONE-ALPES";"SAVOIE";"73 065";"CHAMBERY";"346";"2 659 881";"10 021";"";"";"";"";"";"";""
"BOURGOGNE-FRANCHE-COMTE";"COTE-D'OR";"21 054";"BEAUNE";"159";"2 813 839";"9 954";"";"";"";"";"";"";""
"BOURGOGNE-FRANCHE-COMTE";"COTE-D'OR";"21 231";"DIJON";"705";"2 742 773";"10 163";"";"";"";"";"";"";""
"BOURGOGNE-FRANCHE-COMTE";"DOUBS";"25 056";"BESANCON";"399";"2 549 941";"8 757";"";"";"";"";"";"";""
"BOURGOGNE-FRANCHE-COMTE";"DOUBS";"25 388";"MONTBELIARD";"58";"2 117 787";"7 944";"";"";"";"";"";"";""
"BOURGOGNE-FRANCHE-COMTE";"JURA";"39 198";"DOLE";"65";"2 397 832";"7 094";"";"";"";"";"";"";""
"BOURGOGNE-FRANCHE-COMTE";"NIEVRE";"58 194";"NEVERS";"93";"2 697 409";"11 477";"";"";"";"";"";"";""
"BOURGOGNE-FRANCHE-COMTE";"SAONE-ET-LOIRE";"71 076";"CHALON SUR SAONE";"145";"2 482 798";"9 369";"";"";"";"";"";"";""
"BOURGOGNE-FRANCHE-COMTE";"SAONE-ET-LOIRE";"71 270";"MACON";"122";"2 699 017";"12 991";"";"";"";"";"";"";""
"BOURGOGNE-FRANCHE-COMTE";"TERRITOIRE DE BELFORT";"90 010";"BELFORT";"112";"2 809 208";"14 028";"";"";"";"";"";"";""
"BOURGOGNE-FRANCHE-COMTE";"YONNE";"89 024";"AUXERRE";"138";"2 423 777";"9 957";"";"";"";"";"";"";""
"BOURGOGNE-FRANCHE-COMTE";"YONNE";"89 387";"SENS";"104";"2 736 683";"10 445";"";"";"";"";"";"";""
"BRETAGNE";"COTES-D'ARMOR";"22 113";"LANNION";"80";"2 258 484";"8 777";"";"";"";"";"";"";""
"BRETAGNE";"COTES-D'ARMOR";"22 278";"SAINT-BRIEUC";"172";"2 409 479";"8 785";"";"";"";"";"";"";""
"BRETAGNE";"FINISTERE";"29 019";"BREST";"276";"2 706 305";"8 949";"";"";"";"";"";"";""
"BRETAGNE";"FINISTERE";"29 232";"QUIMPER";"223";"2 320 167";"6 776";"";"";"";"";"";"";""
"BRETAGNE";"ILLE-ET-VILAINE";"35 115";"FOUGERES";"76";"2 312 903";"8 259";"";"";"";"";"";"";""
"BRETAGNE";"ILLE-ET-VILAINE";"35 238";"RENNES";"1 277";"2 757 362";"11 073";"";"";"";"";"";"";""
"BRETAGNE";"ILLE-ET-VILAINE";"35 288";"SAINT MALO";"483";"2 663 816";"9 443";"";"";"";"";"";"";""
"BRETAGNE";"MORBIHAN";"56 121";"LORIENT";"151";"2 488 651";"8 418";"";"";"";"";"";"";""
"BRETAGNE";"MORBIHAN";"56 260";"VANNES";"462";"2 491 242";"8 814";"";"";"";"";"";"";""
"CENTRE-VAL DE LOIRE";"CHER";"18 033";"BOURGES";"249";"2 313 939";"8 445";"";"";"";"";"";"";""
"CENTRE-VAL DE LOIRE";"EURE-ET-LOIR";"28 085";"CHARTRES";"286";"2 509 646";"10 285";"";"";"";"";"";"";""
"CENTRE-VAL DE LOIRE";"EURE-ET-LOIR";"28 134";"DREUX";"63";"2 650 964";"13 062";"";"";"";"";"";"";""
"CENTRE-VAL DE LOIRE";"INDRE";"36 044";"CHATEAUROUX";"145";"2 701 742";"11 201";"";"";"";"";"";"";""
"CENTRE-VAL DE LOIRE";"INDRE-ET-LOIRE";"37 122";"JOUE LES TOURS";"89";"2 406 464";"8 812";"";"";"";"";"";"";""
"CENTRE-VAL DE LOIRE";"INDRE-ET-LOIRE";"37 261";"TOURS";"691";"2 452 452";"9 901";"";"";"";"";"";"";""
"CENTRE-VAL DE LOIRE";"LOIR-ET-CHER";"41 018";"BLOIS";"166";"2 444 366";"9 501";"";"";"";"";"";"";""
"CENTRE-VAL DE LOIRE";"LOIRET";"45 232";"OLIVET";"194";"2 438 391";"10 489";"";"";"";"";"";"";""
"CENTRE-VAL DE LOIRE";"LOIRET";"45 234";"ORLEANS";"587";"2 439 518";"9 728";"";"";"";"";"";"";""
"CENTRE-VAL DE LOIRE";"LOIRET";"45 284";"SAINT JEAN DE BRAYE";"68";"2 109 774";"6 982";"";"";"";"";"";"";""
"CORSE";"CORSE-DU-SUD";"2A 004";"AJACCIO";"275";"2 762 103";"12 167";"";"";"";"";"";"";""
"CORSE";"HAUTE-CORSE";"2B 033";"BASTIA";"120";"2 501 135";"10 707";"";"";"";"";"";"";""
"GRAND-EST";"ARDENNES";"08 105";"CHARLEVILLE MEZIERES";"128";"2 285 146";"8 364";"";"";"";"";"";"";""
"GRAND-EST";"AUBE";"10 387";"TROYES";"206";"2 909 408";"13 247";"";"";"";"";"";"";""
"GRAND-EST";"BAS-RHIN";"67 180";"HAGUENAU";"157";"2 849 602";"10 249";"";"";"";"";"";"";""
"GRAND-EST";"BAS-RHIN";"67 218";"ILLKIRCH GRAFFENSTADEN";"107";"2 171 732";"7 297";"";"";"";"";"";"";""
"GRAND-EST";"BAS-RHIN";"67 447";"SCHILTIGHEIM";"71";"2 539 596";"9 870";"";"";"";"";"";"";""
"GRAND-EST";"BAS-RHIN";"67 482";"STRASBOURG";"1 862";"3 273 344";"13 247";"";"";"";"";"";"";""
"GRAND-EST";"HAUT-RHIN";"68 066";"COLMAR";"311";"2 775 376";"12 232";"";"";"";"";"";"";""
"GRAND-EST";"HAUT-RHIN";"68 224";"MULHOUSE";"367";"2 877 950";"12 184";"";"";"";"";"";"";""
"GRAND-EST";"HAUT-RHIN";"68 297";"SAINT-LOUIS";"82";"2 628 951";"11 125";"";"";"";"";"";"";""
"GRAND-EST";"HAUTE-MARNE";"52 448";"SAINT-DIZIER";"54";"3 574 163";"10 334";"";"";"";"";"";"";""
"GRAND-EST";"MARNE";"51 108";"CHALONS EN CHAMPAGNE";"121";"2 350 793";"8 740";"";"";"";"";"";"";""
"GRAND-EST";"MARNE";"51 230";"EPERNAY";"91";"2 825 229";"11 316";"";"";"";"";"";"";""
"GRAND-EST";"MARNE";"51 454";"REIMS";"823";"2 638 416";"10 273";"";"";"";"";"";"";""
"GRAND-EST";"MEURTHE-ET-MOSELLE";"54 395";"NANCY";"670";"2 758 052";"11 831";"";"";"";"";"";"";""
"GRAND-EST";"MEURTHE-ET-MOSELLE";"54 547";"VANDOEUVRE LES NANCY";"68";"2 324 338";"8 064";"";"";"";"";"";"";""
"GRAND-EST";"MOSELLE";"57 463";"METZ";"404";"2 799 108";"12 016";"";"";"";"";"";"";""
"GRAND-EST";"MOSELLE";"57 480";"MONTIGNY LES METZ";"107";"2 489 913";"11 003";"";"";"";"";"";"";""
"GRAND-EST";"MOSELLE";"57 631";"SARREGUEMINES";"68";"2 699 775";"9 853";"";"";"";"";"";"";""
"GRAND-EST";"MOSELLE";"57 672";"THIONVILLE";"227";"2 621 327";"10 470";"";"";"";"";"";"";""
"GRAND-EST";"VOSGES";"88 160";"EPINAL";"123";"2 977 968";"12 546";"";"";"";"";"";"";""
"GUADELOUPE";"GUADELOUPE";"97113";"LE GOSIER";"101";"2 603 757";"10 851";"";"";"";"";"";"";""
"GUYANE";"GUYANE";"97302";"CAYENNE";"60";"2 722 788";"14 709";"";"";"";"";"";"";""
"GUYANE";"GUYANE";"97309";"REMIRE-MONTJOLY";"56";"2 736 079";"13 468";"";"";"";"";"";"";""
"LES-HAUTS-DE-FRANCE";"AISNE";"02 408";"LAON";"64";"2 364 416";"7 868";"";"";"";"";"";"";""
"LES-HAUTS-DE-FRANCE";"AISNE";"02 691";"SAINT QUENTIN";"156";"2 635 912";"12 004";"";"";"";"";"";"";""
"LES-HAUTS-DE-FRANCE";"AISNE";"02 722";"SOISSONS";"165";"2 525 140";"11 432";"";"";"";"";"";"";""
"LES-HAUTS-DE-FRANCE";"NORD";"59 122";"CAMBRAI";"156";"2 667 042";"8 898";"";"";"";"";"";"";""
"LES-HAUTS-DE-FRANCE";"NORD";"59 163";"CROIX";"284";"4 230 316";"18 017";"";"";"";"";"";"";""
"LES-HAUTS-DE-FRANCE";"NORD";"59 178";"DOUAI";"148";"2 458 772";"9 626";"";"";"";"";"";"";""
"LES-HAUTS-DE-FRANCE";"NORD";"59 183";"DUNKERQUE";"263";"2 360 639";"8 222";"";"";"";"";"";"";""
"LES-HAUTS-DE-FRANCE";"NORD";"59 279";"HALLUIN";"53";"2 343 109";"8 025";"";"";"";"";"";"";""
"LES-HAUTS-DE-FRANCE";"NORD";"59 295";"HAZEBROUCK";"100";"2 476 886";"10 649";"";"";"";"";"";"";""
"LES-HAUTS-DE-FRANCE";"NORD";"59 368";"LA MADELEINE";"169";"2 806 195";"10 995";"";"";"";"";"";"";""
"LES-HAUTS-DE-FRANCE";"NORD";"59 328";"LAMBERSART";"264";"2 723 507";"11 483";"";"";"";"";"";"";""
"LES-HAUTS-DE-FRANCE";"NORD";"59 350";"LILLE";"973";"2 705 935";"10 728";"";"";"";"";"";"";""
"LES-HAUTS-DE-FRANCE";"NORD";"59 378";"MARCQ EN BAROEUL";"815";"3 379 017";"14 382";"";"";"";"";"";"";""
"LES-HAUTS-DE-FRANCE";"NORD";"59 512";"ROUBAIX";"137";"3 123 752";"14 017";"";"";"";"";"";"";""
"LES-HAUTS-DE-FRANCE";"NORD";"59 599";"TOURCOING";"117";"2 212 724";"7 711";"";"";"";"";"";"";""
"LES-HAUTS-DE-FRANCE";"NORD";"59 606";"VALENCIENNES";"188";"2 364 520";"9 104";"";"";"";"";"";"";""
"LES-HAUTS-DE-FRANCE";"NORD";"59 009";"VILLENEUVE D'ASCQ";"379";"3 471 024";"15 651";"";"";"";"";"";"";""
"LES-HAUTS-DE-FRANCE";"NORD";"59 646";"WASQUEHAL";"234";"3 181 588";"13 831";"";"";"";"";"";"";""
"LES-HAUTS-DE-FRANCE";"OISE";"60 057";"BEAUVAIS";"168";"2 818 031";"11 533";"";"";"";"";"";"";""
"LES-HAUTS-DE-FRANCE";"OISE";"60 159";"COMPIEGNE";"340";"2 769 533";"10 912";"";"";"";"";"";"";""
"LES-HAUTS-DE-FRANCE";"PAS-DE-CALAIS";"62 041";"ARRAS";"178";"2 370 878";"8 108";"";"";"";"";"";"";""
"LES-HAUTS-DE-FRANCE";"PAS-DE-CALAIS";"62 119";"BETHUNE";"107";"2 591 497";"11 518";"";"";"";"";"";"";""
"LES-HAUTS-DE-FRANCE";"PAS-DE-CALAIS";"62 160";"BOULOGNE SUR MER";"73";"2 437 449";"9 229";"";"";"";"";"";"";""
"LES-HAUTS-DE-FRANCE";"PAS-DE-CALAIS";"62 193";"CALAIS";"92";"2 477 918";"10 303";"";"";"";"";"";"";""
"LES-HAUTS-DE-FRANCE";"PAS-DE-CALAIS";"62 498";"LENS";"60";"2 617 825";"10 540";"";"";"";"";"";"";""
"LES-HAUTS-DE-FRANCE";"SOMME";"80 001";"ABBEVILLE";"72";"2 594 570";"7 555";"";"";"";"";"";"";""
"LES-HAUTS-DE-FRANCE";"SOMME";"80 021";"AMIENS";"512";"2 774 534";"11 065";"";"";"";"";"";"";""
"ILE-DE-FRANCE";"ESSONNE";"91 027";"ATHIS MONS";"73";"2 441 131";"10 964";"";"";"";"";"";"";""
"ILE-DE-FRANCE";"ESSONNE";"91 103";"BRETIGNY SUR ORGE";"51";"2 307 521";"9 127";"";"";"";"";"";"";""
"ILE-DE-FRANCE";"ESSONNE";"91 114";"BRUNOY";"166";"2 401 319";"9 882";"";"";"";"";"";"";""
"ILE-DE-FRANCE";"ESSONNE";"91 174";"CORBEIL ESSONNES";"53";"2 803 198";"10 127";"";"";"";"";"";"";""
"ILE-DE-FRANCE";"ESSONNE";"91 201";"DRAVEIL";"128";"2 474 554";"8 964";"";"";"";"";"";"";""
"ILE-DE-FRANCE";"ESSONNE";"91 223";"ETAMPES";"66";"2 533 716";"10 541";"";"";"";"";"";"";""
"ILE-DE-FRANCE";"ESSONNE";"91 272";"GIF SUR YVETTE";"385";"2 243 196";"7 135";"";"";"";"";"";"";""
"ILE-DE-FRANCE";"ESSONNE";"91 345";"LONGJUMEAU";"51";"3 033 181";"15 381";"";"";"";"";"";"";""
"ILE-DE-FRANCE";"ESSONNE";"91 377";"MASSY";"102";"2 142 458";"7 697";"";"";"";"";"";"";""
"ILE-DE-FRANCE";"ESSONNE";"91 421";"MONTGERON";"162";"2 462 693";"8 093";"";"";"";"";"";"";""
"ILE-DE-FRANCE";"ESSONNE";"91 434";"MORSANG SUR ORGE";"75";"2 431 240";"9 341";"";"";"";"";"";"";""
"ILE-DE-FRANCE";"ESSONNE";"91 477";"PALAISEAU";"249";"3 663 182";"10 959";"";"";"";"";"";"";""
"ILE-DE-FRANCE";"ESSONNE";"91 589";"SAVIGNY SUR ORGE";"124";"2 138 970";"7 490";"";"";"";"";"";"";""
"ILE-DE-FRANCE";"ESSONNE";"91 549";"STE GENEVIEVE DES BOIS";"154";"2 385 924";"8 417";"";"";"";"";"";"";""
"ILE-DE-FRANCE";"ESSONNE";"91 687";"VIRY CHATILLON";"64";"1 983 768";"5 987";"";"";"";"";"";"";""
"ILE-DE-FRANCE";"ESSONNE";"91 691";"YERRES";"131";"2 243 349";"7 905";"";"";"";"";"";"";""
"ILE-DE-FRANCE";"HAUTS-DE-SEINE";"92 002";"ANTONY";"860";"2 307 096";"8 082";"";"";"";"";"";"";""
"ILE-DE-FRANCE";"HAUTS-DE-SEINE";"92 004";"ASNIERES";"807";"2 502 598";"9 209";"";"";"";"";"";"";""
"ILE-DE-FRANCE";"HAUTS-DE-SEINE";"92 007";"BAGNEUX";"69";"2 059 583";"6 275";"";"";"";"";"";"";""
"ILE-DE-FRANCE";"HAUTS-DE-SEINE";"92 009";"BOIS-COLOMBES";"354";"2 387 518";"8 154";"";"";"";"";"";"";""
"ILE-DE-FRANCE";"HAUTS-DE-SEINE";"92 012";"BOULOGNE BILLANCOURT";"3 914";"2 954 863";"12 731";"";"";"";"";"";"";""
"ILE-DE-FRANCE";"HAUTS-DE-SEINE";"92 014";"BOURG LA REINE";"483";"2 622 848";"9 392";"";"";"";"";"";"";""
"ILE-DE-FRANCE";"HAUTS-DE-SEINE";"92 019";"CHATENAY MALABRY";"317";"2 618 242";"10 802";"";"";"";"";"";"";""
"ILE-DE-FRANCE";"HAUTS-DE-SEINE";"92 020";"CHATILLON";"261";"2 395 131";"8 330";"";"";"";"";"";"";""
"ILE-DE-FRANCE";"HAUTS-DE-SEINE";"92 023";"CLAMART";"701";"2 600 416";"9 811";"";"";"";"";"";"";""
"ILE-DE-FRANCE";"HAUTS-DE-SEINE";"92 024";"CLICHY";"131";"2 263 898";"8 517";"";"";"";"";"";"";""
"ILE-DE-FRANCE";"HAUTS-DE-SEINE";"92 025";"COLOMBES";"463";"2 470 270";"10 353";"";"";"";"";"";"";""
"ILE-DE-FRANCE";"HAUTS-DE-SEINE";"92 026";"COURBEVOIE";"1 137";"2 361 265";"9 045";"";"";"";"";"";"";""
"ILE-DE-FRANCE";"HAUTS-DE-SEINE";"92 032";"FONTENAY AUX ROSES";"281";"2 136 306";"6 936";"";"";"";"";"";"";""
"ILE-DE-FRANCE";"HAUTS-DE-SEINE";"92 040";"ISSY LES MOULINEAUX";"911";"2 484 814";"8 867";"";"";"";"";"";"";""
"ILE-DE-FRANCE";"HAUTS-DE-SEINE";"92 035";"LA GARENNE COLOMBES";"353";"2 427 495";"9 211";"";"";"";"";"";"";""
"ILE-DE-FRANCE";"HAUTS-DE-SEINE";"92 060";"LE PLESSIS ROBINSON";"203";"2 316 036";"8 535";"";"";"";"";"";"";""
"ILE-DE-FRANCE";"HAUTS-DE-SEINE";"92 044";"LEVALLOIS-PERRET";"1 374";"3 105 437";"10 956";"";"";"";"";"";"";""
"ILE-DE-FRANCE";"HAUTS-DE-SEINE";"92 046";"MALAKOFF";"161";"2 391 552";"8 445";"";"";"";"";"";"";""
"ILE-DE-FRANCE";"HAUTS-DE-SEINE";"92 048";"MEUDON";"1 015";"2 710 995";"10 517";"";"";"";"";"";"";""
"ILE-DE-FRANCE";"HAUTS-DE-SEINE";"92 049";"MONTROUGE";"454";"2 558 496";"10 532";"";"";"";"";"";"";""
"ILE-DE-FRANCE";"HAUTS-DE-SEINE";"92 050";"NANTERRE";"263";"2 154 642";"6 608";"";"";"";"";"";"";""
"ILE-DE-FRANCE";"HAUTS-DE-SEINE";"92 051";"NEUILLY SUR SEINE";"5 834";"6 026 825";"27 701";"";"";"";"";"";"";""
"ILE-DE-FRANCE";"HAUTS-DE-SEINE";"92 062";"PUTEAUX";"371";"2 446 901";"8 671";"";"";"";"";"";"";""
"ILE-DE-FRANCE";"HAUTS-DE-SEINE";"92 063";"RUEIL MALMAISON";"1 638";"2 648 842";"9 940";"";"";"";"";"";"";""
"ILE-DE-FRANCE";"HAUTS-DE-SEINE";"92 064";"SAINT CLOUD";"1 358";"3 272 585";"14 975";"";"";"";"";"";"";""
"ILE-DE-FRANCE";"HAUTS-DE-SEINE";"92 072";"SEVRES";"662";"2 742 750";"10 828";"";"";"";"";"";"";""
"ILE-DE-FRANCE";"HAUTS-DE-SEINE";"92 073";"SURESNES";"643";"2 600 892";"10 454";"";"";"";"";"";"";""
"ILE-DE-FRANCE";"HAUTS-DE-SEINE";"92 075";"VANVES";"383";"2 369 636";"8 747";"";"";"";"";"";"";""
"ILE-DE-FRANCE";"PARIS";"75 101";"PARIS";"833";"3 587 881";"19 208";"";"";"";"";"";"";""
"ILE-DE-FRANCE";"PARIS";"75 102";"PARIS";"562";"2 720 931";"10 911";"";"";"";"";"";"";""
"ILE-DE-FRANCE";"PARIS";"75 103";"PARIS";"1 250";"3 249 056";"14 927";"";"";"";"";"";"";""
"ILE-DE-FRANCE";"PARIS";"75 104";"PARIS";"1 333";"3 731 819";"18 510";"";"";"";"";"";"";""
"ILE-DE-FRANCE";"PARIS";"75 105";"PARIS";"2 720";"3 057 294";"13 114";"";"";"";"";"";"";""
"ILE-DE-FRANCE";"PARIS";"75 106";"PARIS";"4 004";"4 576 866";"23 029";"";"";"";"";"";"";""
"ILE-DE-FRANCE";"PARIS";"75 107";"PARIS";"5 795";"5 749 206";"28 387";"";"";"";"";"";"";""
"ILE-DE-FRANCE";"PARIS";"75 108";"PARIS";"3 148";"4 445 890";"21 425";"";"";"";"";"";"";""
"ILE-DE-FRANCE";"PARIS";"75 109";"PARIS";"1 977";"2 873 778";"11 913";"";"";"";"";"";"";""
"ILE-DE-FRANCE";"PARIS";"75 110";"PARIS";"1 149";"2 673 428";"11 640";"";"";"";"";"";"";""
"ILE-DE-FRANCE";"PARIS";"75 111";"PARIS";"2 275";"2 626 143";"10 160";"";"";"";"";"";"";""
"ILE-DE-FRANCE";"PARIS";"75 112";"PARIS";"2 495";"2 514 481";"9 744";"";"";"";"";"";"";""
"ILE-DE-FRANCE";"PARIS";"75 113";"PARIS";"2 204";"2 600 513";"10 143";"";"";"";"";"";"";""
"ILE-DE-FRANCE";"PARIS";"75 114";"PARIS";"3 564";"3 006 125";"12 330";"";"";"";"";"";"";""
"ILE-DE-FRANCE";"PARIS";"75 115";"PARIS";"6 998";"2 751 738";"11 532";"";"";"";"";"";"";""
"ILE-DE-FRANCE";"PARIS";"75 116";"PARIS";"14 361";"4 469 350";"21 972";"";"";"";"";"";"";""
"ILE-DE-FRANCE";"PARIS";"75 117";"PARIS";"6 340";"3 340 379";"14 743";"";"";"";"";"";"";""
"ILE-DE-FRANCE";"PARIS";"75 118";"PARIS";"1 663";"2 910 352";"12 528";"";"";"";"";"";"";""
"ILE-DE-FRANCE";"PARIS";"75 119";"PARIS";"1 134";"2 572 157";"9 961";"";"";"";"";"";"";""
"ILE-DE-FRANCE";"PARIS";"75 120";"PARIS";"1 199";"2 531 889";"9 257";"";"";"";"";"";"";""
"ILE-DE-FRANCE";"SEINE-ET-MARNE";"77 058";"BUSSY ST GEORGES";"85";"2 440 053";"8 980";"";"";"";"";"";"";""
"ILE-DE-FRANCE";"SEINE-ET-MARNE";"77 108";"CHELLES";"133";"2 238 734";"7 978";"";"";"";"";"";"";""
"ILE-DE-FRANCE";"SEINE-ET-MARNE";"77 243";"LAGNY SUR MARNE";"96";"3 168 705";"11 515";"";"";"";"";"";"";""
"ILE-DE-FRANCE";"SEINE-ET-MARNE";"77 284";"MEAUX";"132";"2 425 275";"9 863";"";"";"";"";"";"";""
"ILE-DE-FRANCE";"SEINE-ET-MARNE";"77 288";"MELUN";"105";"2 759 449";"12 051";"";"";"";"";"";"";""
"ILE-DE-FRANCE";"SEINE-ET-MARNE";"77 350";"OZOIR LA FERRIERE";"92";"2 641 116";"11 815";"";"";"";"";"";"";""
"ILE-DE-FRANCE";"SEINE-ET-MARNE";"77 373";"PONTAULT COMBAULT";"75";"2 162 208";"8 218";"";"";"";"";"";"";""
"ILE-DE-FRANCE";"SEINE-SAINT-DENIS";"93 001";"AUBERVILLIERS";"50";"2 387 678";"10 624";"";"";"";"";"";"";""
"ILE-DE-FRANCE";"SEINE-SAINT-DENIS";"93 005";"AULNAY SOUS BOIS";"159";"2 311 056";"8 053";"";"";"";"";"";"";""
"ILE-DE-FRANCE";"SEINE-SAINT-DENIS";"93 006";"BAGNOLET";"64";"2 263 788";"7 588";"";"";"";"";"";"";""
"ILE-DE-FRANCE";"SEINE-SAINT-DENIS";"93 029";"DRANCY";"86";"2 337 646";"9 115";"";"";"";"";"";"";""
"ILE-DE-FRANCE";"SEINE-SAINT-DENIS";"93 031";"EPINAY SUR SEINE";"53";"2 191 916";"7 754";"";"";"";"";"";"";""
"ILE-DE-FRANCE";"SEINE-SAINT-DENIS";"93 032";"GAGNY";"118";"2 305 261";"7 310";"";"";"";"";"";"";""
"ILE-DE-FRANCE";"SEINE-SAINT-DENIS";"93 045";"LES LILAS";"145";"2 822 833";"15 409";"";"";"";"";"";"";""
"ILE-DE-FRANCE";"SEINE-SAINT-DENIS";"93 057";"LES PAVILLONS SOUS BOIS";"80";"2 208 801";"8 266";"";"";"";"";"";"";""
"ILE-DE-FRANCE";"SEINE-SAINT-DENIS";"93 046";"LIVRY GARGAN";"106";"2 130 236";"7 990";"";"";"";"";"";"";""
"ILE-DE-FRANCE";"SEINE-SAINT-DENIS";"93 047";"MONTFERMEIL";"53";"2 307 578";"9 598";"";"";"";"";"";"";""
"ILE-DE-FRANCE";"SEINE-SAINT-DENIS";"93 048";"MONTREUIL SOUS BOIS";"262";"2 383 076";"9 726";"";"";"";"";"";"";""
"ILE-DE-FRANCE";"SEINE-SAINT-DENIS";"93 049";"NEUILLY PLAISANCE";"75";"2 141 589";"7 660";"";"";"";"";"";"";""
"ILE-DE-FRANCE";"SEINE-SAINT-DENIS";"93 051";"NOISY LE GRAND";"163";"2 451 070";"11 762";"";"";"";"";"";"";""
"ILE-DE-FRANCE";"SEINE-SAINT-DENIS";"93 053";"NOISY LE SEC";"53";"2 264 596";"8 980";"";"";"";"";"";"";""
"ILE-DE-FRANCE";"SEINE-SAINT-DENIS";"93 055";"PANTIN";"78";"2 182 609";"8 257";"";"";"";"";"";"";""
"ILE-DE-FRANCE";"SEINE-SAINT-DENIS";"93 064";"ROSNY SOUS BOIS";"86";"2 155 388";"7 582";"";"";"";"";"";"";""
"ILE-DE-FRANCE";"SEINE-SAINT-DENIS";"93 066";"SAINT DENIS";"51";"2 399 702";"10 191";"";"";"";"";"";"";""
"ILE-DE-FRANCE";"SEINE-SAINT-DENIS";"93 070";"SAINT OUEN";"75";"2 184 032";"8 255";"";"";"";"";"";"";""
"ILE-DE-FRANCE";"SEINE-SAINT-DENIS";"93 077";"VILLEMOMBLE";"188";"2 628 013";"10 178";"";"";"";"";"";"";""
"ILE-DE-FRANCE";"VAL-D'OISE";"95 018";"ARGENTEUIL";"137";"2 506 511";"9 330";"";"";"";"";"";"";""
"ILE-DE-FRANCE";"VAL-D'OISE";"95 127";"CERGY";"93";"2 073 667";"6 496";"";"";"";"";"";"";""
"ILE-DE-FRANCE";"VAL-D'OISE";"95 176";"CORMEILLES EN PARISIS";"126";"2 142 129";"7 694";"";"";"";"";"";"";""
"ILE-DE-FRANCE";"VAL-D'OISE";"95 197";"DEUIL LA BARRE";"113";"2 150 035";"7 416";"";"";"";"";"";"";""
"ILE-DE-FRANCE";"VAL-D'OISE";"95 203";"EAUBONNE";"136";"2 116 810";"7 395";"";"";"";"";"";"";""
"ILE-DE-FRANCE";"VAL-D'OISE";"95 219";"ERMONT";"97";"2 105 383";"6 866";"";"";"";"";"";"";""
"ILE-DE-FRANCE";"VAL-D'OISE";"95 252";"FRANCONVILLE";"58";"3 675 783";"10 441";"";"";"";"";"";"";""
"ILE-DE-FRANCE";"VAL-D'OISE";"95 306";"HERBLAY";"115";"2 285 068";"8 953";"";"";"";"";"";"";""
"ILE-DE-FRANCE";"VAL-D'OISE";"95 428";"MONTMORENCY";"312";"3 284 745";"12 998";"";"";"";"";"";"";""
"ILE-DE-FRANCE";"VAL-D'OISE";"95 500";"PONTOISE";"98";"2 469 707";"9 528";"";"";"";"";"";"";""
"ILE-DE-FRANCE";"VAL-D'OISE";"95 582";"SANNOIS";"78";"2 384 576";"7 886";"";"";"";"";"";"";""
"ILE-DE-FRANCE";"VAL-D'OISE";"95 555";"ST GRATIEN";"129";"2 521 183";"9 333";"";"";"";"";"";"";""
"ILE-DE-FRANCE";"VAL-D'OISE";"95 607";"TAVERNY";"82";"2 136 790";"7 838";"";"";"";"";"";"";""
"ILE-DE-FRANCE";"VAL-DE-MARNE";"94 002";"ALFORTVILLE";"78";"2 146 878";"7 735";"";"";"";"";"";"";""
"ILE-DE-FRANCE";"VAL-DE-MARNE";"94 003";"ARCUEIL";"66";"2 225 945";"7 652";"";"";"";"";"";"";""
"ILE-DE-FRANCE";"VAL-DE-MARNE";"94 016";"CACHAN";"166";"2 347 531";"7 601";"";"";"";"";"";"";""
"ILE-DE-FRANCE";"VAL-DE-MARNE";"94 017";"CHAMPIGNY SUR MARNE";"161";"2 536 146";"10 167";"";"";"";"";"";"";""
"ILE-DE-FRANCE";"VAL-DE-MARNE";"94 018";"CHARENTON LE PONT";"475";"2 363 337";"8 610";"";"";"";"";"";"";""
"ILE-DE-FRANCE";"VAL-DE-MARNE";"94 022";"CHOISY LE ROI";"77";"2 423 825";"9 593";"";"";"";"";"";"";""
"ILE-DE-FRANCE";"VAL-DE-MARNE";"94 028";"CRETEIL";"244";"2 171 684";"7 142";"";"";"";"";"";"";""
"ILE-DE-FRANCE";"VAL-DE-MARNE";"94 033";"FONTENAY SOUS BOIS";"607";"2 787 057";"11 184";"";"";"";"";"";"";""
"ILE-DE-FRANCE";"VAL-DE-MARNE";"94 034";"FRESNES";"64";"2 201 585";"7 492";"";"";"";"";"";"";""
"ILE-DE-FRANCE";"VAL-DE-MARNE";"94 041";"IVRY SUR SEINE";"114";"2 134 149";"7 221";"";"";"";"";"";"";""
"ILE-DE-FRANCE";"VAL-DE-MARNE";"94 038";"L'HAY LES ROSES";"199";"2 164 239";"7 552";"";"";"";"";"";"";""
"ILE-DE-FRANCE";"VAL-DE-MARNE";"94 043";"LE KREMLIN BICETRE";"66";"2 022 728";"6 069";"";"";"";"";"";"";""
"ILE-DE-FRANCE";"VAL-DE-MARNE";"94 058";"LE PERREUX SUR MARNE";"464";"2 408 563";"8 765";"";"";"";"";"";"";""
"ILE-DE-FRANCE";"VAL-DE-MARNE";"94 046";"MAISONS ALFORT";"314";"2 380 643";"8 114";"";"";"";"";"";"";""
"ILE-DE-FRANCE";"VAL-DE-MARNE";"94 052";"NOGENT SUR MARNE";"760";"2 844 134";"11 372";"";"";"";"";"";"";""
"ILE-DE-FRANCE";"VAL-DE-MARNE";"94 067";"SAINT MANDE";"821";"2 976 369";"13 085";"";"";"";"";"";"";""
"ILE-DE-FRANCE";"VAL-DE-MARNE";"94 068";"SAINT MAUR DES FOSSES";"1 678";"2 697 372";"10 709";"";"";"";"";"";"";""
"ILE-DE-FRANCE";"VAL-DE-MARNE";"94 071";"SUCY EN BRIE";"201";"2 259 509";"8 335";"";"";"";"";"";"";""
"ILE-DE-FRANCE";"VAL-DE-MARNE";"94 073";"THIAIS";"133";"2 364 987";"9 203";"";"";"";"";"";"";""
"ILE-DE-FRANCE";"VAL-DE-MARNE";"94 076";"VILLEJUIF";"110";"2 347 383";"8 389";"";"";"";"";"";"";""
"ILE-DE-FRANCE";"VAL-DE-MARNE";"94 079";"VILLIERS SUR MARNE";"80";"2 164 832";"7 487";"";"";"";"";"";"";""
"ILE-DE-FRANCE";"VAL-DE-MARNE";"94 080";"VINCENNES";"1 082";"2 422 250";"9 172";"";"";"";"";"";"";""
"ILE-DE-FRANCE";"VAL-DE-MARNE";"94 081";"VITRY SUR SEINE";"139";"2 155 035";"7 228";"";"";"";"";"";"";""
"ILE-DE-FRANCE";"YVELINES";"78 146";"CHATOU";"702";"2 620 758";"11 152";"";"";"";"";"";"";""
"ILE-DE-FRANCE";"YVELINES";"78 172";"CONFLANS-SAINTE-HONORINE";"115";"2 327 748";"8 190";"";"";"";"";"";"";""
"ILE-DE-FRANCE";"YVELINES";"78 208";"ELANCOURT";"68";"2 042 951";"6 343";"";"";"";"";"";"";""
"ILE-DE-FRANCE";"YVELINES";"78 297";"GUYANCOURT";"66";"1 948 231";"4 879";"";"";"";"";"";"";""
"ILE-DE-FRANCE";"YVELINES";"78 311";"HOUILLES";"152";"2 068 877";"7 120";"";"";"";"";"";"";""
"ILE-DE-FRANCE";"YVELINES";"78 126";"LA CELLE-SAINT-CLOUD";"520";"2 918 023";"11 347";"";"";"";"";"";"";""
"ILE-DE-FRANCE";"YVELINES";"78 158";"LE CHESNAY";"744";"2 599 059";"10 539";"";"";"";"";"";"";""
"ILE-DE-FRANCE";"YVELINES";"78 358";"MAISONS-LAFFITTE";"631";"2 571 855";"9 763";"";"";"";"";"";"";""
"ILE-DE-FRANCE";"YVELINES";"78 361";"MANTES-LA-JOLIE";"91";"2 592 839";"11 643";"";"";"";"";"";"";""
"ILE-DE-FRANCE";"YVELINES";"78 423";"MONTIGNY-LE-BRETONNEUX";"125";"2 054 909";"6 484";"";"";"";"";"";"";""
"ILE-DE-FRANCE";"YVELINES";"78 490";"PLAISIR";"119";"2 322 430";"7 536";"";"";"";"";"";"";""
"ILE-DE-FRANCE";"YVELINES";"78 498";"POISSY";"151";"2 255 603";"8 424";"";"";"";"";"";"";""
"ILE-DE-FRANCE";"YVELINES";"78 517";"RAMBOUILLET";"246";"2 395 477";"8 503";"";"";"";"";"";"";""
"ILE-DE-FRANCE";"YVELINES";"78 551";"SAINT-GERMAIN-EN-LAYE";"1 255";"2 804 097";"11 332";"";"";"";"";"";"";""
"ILE-DE-FRANCE";"YVELINES";"78 586";"SARTROUVILLE";"170";"2 170 122";"7 289";"";"";"";"";"";"";""
"ILE-DE-FRANCE";"YVELINES";"78 640";"VELIZY-VILLACOUBLAY";"132";"2 029 017";"6 822";"";"";"";"";"";"";""
"ILE-DE-FRANCE";"YVELINES";"78 646";"VERSAILLES";"2 728";"2 851 063";"11 761";"";"";"";"";"";"";""
"MARTINIQUE";"MARTINIQUE";"97209";"FORT DE FRANCE";"85";"3 254 545";"14 676";"";"";"";"";"";"";""
"MARTINIQUE";"MARTINIQUE";"97229";"SCHOELCHER";"66";"2 797 612";"14 089";"";"";"";"";"";"";""
"NORMANDIE";"CALVADOS";"14 118";"CAEN";"581";"2 773 858";"11 339";"";"";"";"";"";"";""
"NORMANDIE";"EURE";"27 229";"EVREUX";"137";"2 478 401";"10 847";"";"";"";"";"";"";""
"NORMANDIE";"EURE";"27 681";"VERNON";"99";"2 168 318";"8 027";"";"";"";"";"";"";""
"NORMANDIE";"MANCHE";"50 129";"CHERBOURG-EN-COTENTIN";"162";"2 450 622";"8 990";"";"";"";"";"";"";""
"NORMANDIE";"MANCHE";"50 502";"SAINT LO";"57";"2 421 166";"7 810";"";"";"";"";"";"";""
"NORMANDIE";"ORNE";"61 001";"ALENCON";"82";"2 333 240";"9 328";"";"";"";"";"";"";""
"NORMANDIE";"SEINE-MARITIME";"76 217";"DIEPPE";"102";"2 195 137";"7 666";"";"";"";"";"";"";""
"NORMANDIE";"SEINE-MARITIME";"76 351";"LE HAVRE";"390";"2 503 817";"9 636";"";"";"";"";"";"";""
"NORMANDIE";"SEINE-MARITIME";"76 540";"ROUEN";"518";"2 483 610";"9 602";"";"";"";"";"";"";""
"NOUVELLE-AQUITAINE";"CHARENTE";"16 015";"ANGOULEME";"137";"2 611 329";"9 949";"";"";"";"";"";"";""
"NOUVELLE-AQUITAINE";"CHARENTE-MARITIME";"17 300";"LA ROCHELLE";"619";"2 585 756";"10 248";"";"";"";"";"";"";""
"NOUVELLE-AQUITAINE";"CHARENTE-MARITIME";"17 299";"ROCHEFORT";"52";"2 328 288";"8 243";"";"";"";"";"";"";""
"NOUVELLE-AQUITAINE";"CHARENTE-MARITIME";"17 415";"SAINTES";"112";"2 513 451";"10 671";"";"";"";"";"";"";""
"NOUVELLE-AQUITAINE";"CORREZE";"19 031";"BRIVE";"228";"2 692 768";"11 931";"";"";"";"";"";"";""
"NOUVELLE-AQUITAINE";"DEUX-SEVRES";"79 191";"NIORT";"222";"2 811 166";"10 774";"";"";"";"";"";"";""
"NOUVELLE-AQUITAINE";"DORDOGNE";"24 037";"BERGERAC";"120";"2 091 398";"7 247";"";"";"";"";"";"";""
"NOUVELLE-AQUITAINE";"DORDOGNE";"24 322";"PERIGUEUX";"110";"2 457 359";"9 708";"";"";"";"";"";"";""
"NOUVELLE-AQUITAINE";"GIRONDE";"33 039";"BEGLES";"50";"1 936 554";"6 488";"";"";"";"";"";"";""
"NOUVELLE-AQUITAINE";"GIRONDE";"33 063";"BORDEAUX";"2 669";"2 763 813";"11 027";"";"";"";"";"";"";""
"NOUVELLE-AQUITAINE";"GIRONDE";"33 162";"EYSINES";"100";"2 219 534";"7 336";"";"";"";"";"";"";""
"NOUVELLE-AQUITAINE";"GIRONDE";"33 192";"GRADIGNAN";"166";"2 400 908";"8 625";"";"";"";"";"";"";""
"NOUVELLE-AQUITAINE";"GIRONDE";"33 199";"GUJAN-MESTRAS";"102";"2 312 495";"8 765";"";"";"";"";"";"";""
"NOUVELLE-AQUITAINE";"GIRONDE";"33 529";"LA TESTE DE BUCH";"332";"2 479 844";"8 859";"";"";"";"";"";"";""
"NOUVELLE-AQUITAINE";"GIRONDE";"33 069";"LE BOUSCAT";"363";"3 334 865";"12 133";"";"";"";"";"";"";""
"NOUVELLE-AQUITAINE";"GIRONDE";"33 243";"LIBOURNE";"125";"2 600 354";"8 958";"";"";"";"";"";"";""
"NOUVELLE-AQUITAINE";"GIRONDE";"33 281";"MERIGNAC";"293";"2 387 351";"9 093";"";"";"";"";"";"";""
"NOUVELLE-AQUITAINE";"GIRONDE";"33 318";"PESSAC";"266";"2 335 014";"8 610";"";"";"";"";"";"";""
"NOUVELLE-AQUITAINE";"GIRONDE";"33 449";"SAINT-MEDARD-EN-JALLES";"110";"2 325 787";"8 014";"";"";"";"";"";"";""
"NOUVELLE-AQUITAINE";"GIRONDE";"33 522";"TALENCE";"196";"2 485 543";"10 985";"";"";"";"";"";"";""
"NOUVELLE-AQUITAINE";"GIRONDE";"33 550";"VILLENAVE-D'ORNON";"93";"2 196 370";"7 914";"";"";"";"";"";"";""
"NOUVELLE-AQUITAINE";"HAUTE-VIENNE";"87 085";"LIMOGES";"500";"3 118 850";"12 400";"";"";"";"";"";"";""
"NOUVELLE-AQUITAINE";"LANDES";"40 088";"DAX";"105";"2 639 766";"9 699";"";"";"";"";"";"";""
"NOUVELLE-AQUITAINE";"LANDES";"40 192";"MONT-DE-MARSAN";"91";"2 325 564";"8 761";"";"";"";"";"";"";""
"NOUVELLE-AQUITAINE";"LOT-ET-GARONNE";"47 001";"AGEN";"119";"2 647 385";"10 766";"";"";"";"";"";"";""
"NOUVELLE-AQUITAINE";"LOT-ET-GARONNE";"47 323";"VILLENEUVE SUR LOT";"62";"2 318 727";"8 744";"";"";"";"";"";"";""
"NOUVELLE-AQUITAINE";"PYRENEES-ATLANTIQUES";"64 024";"ANGLET";"467";"2 491 208";"9 360";"";"";"";"";"";"";""
"NOUVELLE-AQUITAINE";"PYRENEES-ATLANTIQUES";"64 102";"BAYONNE";"269";"2 609 393";"10 926";"";"";"";"";"";"";""
"NOUVELLE-AQUITAINE";"PYRENEES-ATLANTIQUES";"64 122";"BIARRITZ";"612";"2 529 373";"9 808";"";"";"";"";"";"";""
"NOUVELLE-AQUITAINE";"PYRENEES-ATLANTIQUES";"64 445";"PAU";"451";"2 395 498";"9 181";"";"";"";"";"";"";""
"NOUVELLE-AQUITAINE";"VIENNE";"86 066";"CHATELLERAULT";"92";"2 545 732";"9 396";"";"";"";"";"";"";""
"NOUVELLE-AQUITAINE";"VIENNE";"86 194";"POITIERS";"310";"2 543 188";"9 671";"";"";"";"";"";"";""
"OCCITANIE";"AUDE";"11 069";"CARCASSONNE";"155";"2 382 226";"9 982";"";"";"";"";"";"";""
"OCCITANIE";"AUDE";"11 262";"NARBONNE";"176";"2 349 912";"8 459";"";"";"";"";"";"";""
"OCCITANIE";"AVEYRON";"12 145";"MILLAU";"72";"2 916 430";"15 312";"";"";"";"";"";"";""
"OCCITANIE";"AVEYRON";"12 202";"RODEZ";"147";"2 465 113";"10 379";"";"";"";"";"";"";""
"OCCITANIE";"GARD";"30 007";"ALES";"124";"2 321 344";"8 616";"";"";"";"";"";"";""
"OCCITANIE";"GARD";"30 189";"NIMES";"701";"2 424 816";"9 194";"";"";"";"";"";"";""
"OCCITANIE";"GERS";"32 013";"AUCH";"82";"2 140 698";"6 939";"";"";"";"";"";"";""
"OCCITANIE";"HAUTE-GARONNE";"31 069";"BLAGNAC";"101";"2 467 963";"9 413";"";"";"";"";"";"";""
"OCCITANIE";"HAUTE-GARONNE";"31 149";"COLOMIERS";"101";"2 124 628";"5 959";"";"";"";"";"";"";""
"OCCITANIE";"HAUTE-GARONNE";"31 395";"MURET";"91";"2 439 522";"8 519";"";"";"";"";"";"";""
"OCCITANIE";"HAUTE-GARONNE";"31 555";"TOULOUSE";"2 904";"2 531 817";"9 749";"";"";"";"";"";"";""
"OCCITANIE";"HAUTE-GARONNE";"31 557";"TOURNEFEUILLE";"197";"2 595 245";"9 466";"";"";"";"";"";"";""
"OCCITANIE";"HAUTES-PYRENEES";"65 440";"TARBES";"102";"2 332 097";"7 876";"";"";"";"";"";"";""
"OCCITANIE";"HERAULT";"34 003";"AGDE";"179";"2 284 252";"8 572";"";"";"";"";"";"";""
"OCCITANIE";"HERAULT";"34 032";"BEZIERS";"289";"2 672 889";"11 112";"";"";"";"";"";"";""
"OCCITANIE";"HERAULT";"34 108";"FRONTIGNAN";"52";"2 290 860";"8 468";"";"";"";"";"";"";""
"OCCITANIE";"HERAULT";"34 145";"LUNEL";"63";"2 253 801";"7 317";"";"";"";"";"";"";""
"OCCITANIE";"HERAULT";"34 172";"MONTPELLIER";"1 218";"2 516 789";"8 822";"";"";"";"";"";"";""
"OCCITANIE";"HERAULT";"34 301";"SETE";"249";"2 590 709";"8 826";"";"";"";"";"";"";""
"OCCITANIE";"LOT";"46 042";"CAHORS";"82";"2 377 561";"8 909";"";"";"";"";"";"";""
"OCCITANIE";"PYRENEES-ORIENTALES";"66 136";"PERPIGNAN";"502";"2 536 052";"9 287";"";"";"";"";"";"";""
"OCCITANIE";"TARN";"81 004";"ALBI";"209";"2 382 995";"8 558";"";"";"";"";"";"";""
"OCCITANIE";"TARN";"81 065";"CASTRES";"149";"2 329 801";"7 022";"";"";"";"";"";"";""
"OCCITANIE";"TARN-ET-GARONNE";"82 121";"MONTAUBAN";"257";"2 584 540";"10 394";"";"";"";"";"";"";""
"PAYS DE LA LOIRE";"LOIRE-ATLANTIQUE";"44 109";"NANTES";"2 188";"2 769 962";"10 459";"";"";"";"";"";"";""
"PAYS DE LA LOIRE";"LOIRE-ATLANTIQUE";"44 114";"ORVAULT";"179";"2 657 146";"8 361";"";"";"";"";"";"";""
"PAYS DE LA LOIRE";"LOIRE-ATLANTIQUE";"44 143";"REZE";"78";"2 135 667";"6 488";"";"";"";"";"";"";""
"PAYS DE LA LOIRE";"LOIRE-ATLANTIQUE";"44 162";"ST HERBLAIN";"83";"2 621 292";"8 211";"";"";"";"";"";"";""
"PAYS DE LA LOIRE";"LOIRE-ATLANTIQUE";"44 184";"ST NAZAIRE";"181";"2 411 712";"11 006";"";"";"";"";"";"";""
"PAYS DE LA LOIRE";"LOIRE-ATLANTIQUE";"44 190";"ST SEBASTIEN SUR LOIRE";"96";"2 396 001";"9 605";"";"";"";"";"";"";""
"PAYS DE LA LOIRE";"LOIRE-ATLANTIQUE";"44 215";"VERTOU";"187";"2 602 291";"7 052";"";"";"";"";"";"";""
"PAYS DE LA LOIRE";"MAINE-ET-LOIRE";"49 007";"ANGERS";"671";"2 474 303";"8 942";"";"";"";"";"";"";""
"PAYS DE LA LOIRE";"MAINE-ET-LOIRE";"49 023";"BEAUPREAU EN MAUGES";"57";"2 273 971";"7 520";"";"";"";"";"";"";""
"PAYS DE LA LOIRE";"MAINE-ET-LOIRE";"49 099";"CHOLET";"196";"2 490 956";"9 513";"";"";"";"";"";"";""
"PAYS DE LA LOIRE";"MAINE-ET-LOIRE";"49 328";"SAUMUR";"120";"2 488 720";"7 582";"";"";"";"";"";"";""
"PAYS DE LA LOIRE";"MAINE-ET-LOIRE";"49 301";"SEVREMOINE";"58";"2 533 187";"8 965";"";"";"";"";"";"";""
"PAYS DE LA LOIRE";"MAYENNE";"53 130";"LAVAL";"213";"3 033 284";"12 238";"";"";"";"";"";"";""
"PAYS DE LA LOIRE";"SARTHE";"72 181";"LE MANS";"550";"2 677 459";"10 714";"";"";"";"";"";"";""
"PAYS DE LA LOIRE";"VENDEE";"85 047";"CHALLANS";"138";"2 558 756";"9 409";"";"";"";"";"";"";""
"PAYS DE LA LOIRE";"VENDEE";"85 191";"LA ROCHE SUR YON";"174";"2 668 694";"10 713";"";"";"";"";"";"";""
"PROVENCE-ALPES-COTE D'AZUR";"ALPES-DE-HAUTE-PROVENCE";"04 112";"MANOSQUE";"127";"2 587 327";"12 326";"";"";"";"";"";"";""
"PROVENCE-ALPES-COTE D'AZUR";"ALPES-MARITIMES";"06 004";"ANTIBES";"1 019";"2 545 847";"9 943";"";"";"";"";"";"";""
"PROVENCE-ALPES-COTE D'AZUR";"ALPES-MARITIMES";"06 027";"CAGNES SUR MER";"407";"2 309 780";"8 697";"";"";"";"";"";"";""
"PROVENCE-ALPES-COTE D'AZUR";"ALPES-MARITIMES";"06 029";"CANNES";"1 511";"3 227 873";"14 476";"";"";"";"";"";"";""
"PROVENCE-ALPES-COTE D'AZUR";"ALPES-MARITIMES";"06 069";"GRASSE";"323";"2 467 098";"10 536";"";"";"";"";"";"";""
"PROVENCE-ALPES-COTE D'AZUR";"ALPES-MARITIMES";"06 030";"LE CANNET";"382";"2 550 895";"11 391";"";"";"";"";"";"";""
"PROVENCE-ALPES-COTE D'AZUR";"ALPES-MARITIMES";"06 079";"MANDELIEU LA NAPOULE";"354";"2 405 839";"9 718";"";"";"";"";"";"";""
"PROVENCE-ALPES-COTE D'AZUR";"ALPES-MARITIMES";"06 083";"MENTON";"225";"2 269 107";"8 040";"";"";"";"";"";"";""
"PROVENCE-ALPES-COTE D'AZUR";"ALPES-MARITIMES";"06 900";"MONACO";"590";"3 847 898";"25 669";"";"";"";"";"";"";""
"PROVENCE-ALPES-COTE D'AZUR";"ALPES-MARITIMES";"06 088";"NICE";"3 118";"2 610 132";"10 877";"";"";"";"";"";"";""
"PROVENCE-ALPES-COTE D'AZUR";"ALPES-MARITIMES";"06 123";"SAINT LAURENT DU VAR";"212";"2 365 713";"9 871";"";"";"";"";"";"";""
"PROVENCE-ALPES-COTE D'AZUR";"ALPES-MARITIMES";"06 155";"VALLAURIS";"337";"2 571 626";"10 910";"";"";"";"";"";"";""
"PROVENCE-ALPES-COTE D'AZUR";"BOUCHES-DU-RHONE";"13 001";"AIX EN PROVENCE";"1 959";"2 807 145";"10 666";"";"";"";"";"";"";""
"PROVENCE-ALPES-COTE D'AZUR";"BOUCHES-DU-RHONE";"13 002";"ALLAUCH";"129";"2 376 183";"10 264";"";"";"";"";"";"";""
"PROVENCE-ALPES-COTE D'AZUR";"BOUCHES-DU-RHONE";"13 004";"ARLES";"198";"2 448 116";"9 451";"";"";"";"";"";"";""
"PROVENCE-ALPES-COTE D'AZUR";"BOUCHES-DU-RHONE";"13 005";"AUBAGNE";"236";"2 444 431";"9 474";"";"";"";"";"";"";""
"PROVENCE-ALPES-COTE D'AZUR";"BOUCHES-DU-RHONE";"13 047";"ISTRES";"70";"2 646 607";"9 034";"";"";"";"";"";"";""
"PROVENCE-ALPES-COTE D'AZUR";"BOUCHES-DU-RHONE";"13 028";"LA CIOTAT";"279";"2 441 527";"9 311";"";"";"";"";"";"";""
"PROVENCE-ALPES-COTE D'AZUR";"BOUCHES-DU-RHONE";"13 071";"LES PENNES MIRABEAU";"71";"2 334 144";"6 791";"";"";"";"";"";"";""
"PROVENCE-ALPES-COTE D'AZUR";"BOUCHES-DU-RHONE";"13 054";"MARIGNANE";"71";"2 333 634";"9 325";"";"";"";"";"";"";""
"PROVENCE-ALPES-COTE D'AZUR";"BOUCHES-DU-RHONE";"13 055";"MARSEILLE";"3 972";"2 814 098";"11 100";"";"";"";"";"";"";""
"PROVENCE-ALPES-COTE D'AZUR";"BOUCHES-DU-RHONE";"13 056";"MARTIGUES";"103";"2 184 086";"6 985";"";"";"";"";"";"";""
"PROVENCE-ALPES-COTE D'AZUR";"BOUCHES-DU-RHONE";"13 103";"SALON DE PROVENCE";"167";"2 234 631";"8 743";"";"";"";"";"";"";""
"PROVENCE-ALPES-COTE D'AZUR";"HAUTES-ALPES";"05 061";"GAP";"222";"2 365 217";"7 881";"";"";"";"";"";"";""
"PROVENCE-ALPES-COTE D'AZUR";"VAR";"83 050";"DRAGUIGNAN";"207";"2 277 359";"8 632";"";"";"";"";"";"";""
"PROVENCE-ALPES-COTE D'AZUR";"VAR";"83 061";"FREJUS";"400";"2 349 882";"8 567";"";"";"";"";"";"";""
"PROVENCE-ALPES-COTE D'AZUR";"VAR";"83 069";"HYERES";"554";"2 372 786";"8 956";"";"";"";"";"";"";""
"PROVENCE-ALPES-COTE D'AZUR";"VAR";"83 062";"LA GARDE";"102";"2 341 742";"8 925";"";"";"";"";"";"";""
"PROVENCE-ALPES-COTE D'AZUR";"VAR";"83 126";"LA SEYNE SUR MER";"171";"2 131 870";"6 719";"";"";"";"";"";"";""
"PROVENCE-ALPES-COTE D'AZUR";"VAR";"83 144";"LA VALETTE";"106";"2 110 101";"7 625";"";"";"";"";"";"";""
"PROVENCE-ALPES-COTE D'AZUR";"VAR";"83 118";"SAINT-RAPHAEL";"823";"2 534 470";"9 907";"";"";"";"";"";"";""
"PROVENCE-ALPES-COTE D'AZUR";"VAR";"83 129";"SIX-FOURS-LES-PLAGES";"259";"2 139 974";"7 200";"";"";"";"";"";"";""
"PROVENCE-ALPES-COTE D'AZUR";"VAR";"83 137";"TOULON";"692";"2 413 241";"8 991";"";"";"";"";"";"";""
"PROVENCE-ALPES-COTE D'AZUR";"VAUCLUSE";"84 007";"AVIGNON";"341";"2 607 636";"10 291";"";"";"";"";"";"";""
"PROVENCE-ALPES-COTE D'AZUR";"VAUCLUSE";"84 031";"CARPENTRAS";"136";"2 759 678";"10 449";"";"";"";"";"";"";""
"PROVENCE-ALPES-COTE D'AZUR";"VAUCLUSE";"84 035";"CAVAILLON";"94";"2 329 990";"8 960";"";"";"";"";"";"";""
"PROVENCE-ALPES-COTE D'AZUR";"VAUCLUSE";"84 087";"ORANGE";"100";"2 232 871";"8 973";"";"";"";"";"";"";""
"LA REUNION";"LA REUNION";"97408";"LA POSSESSION";"80";"2 063 527";"7 400";"";"";"";"";"";"";""
"LA REUNION";"LA REUNION";"97409";"SAINT ANDRE";"59";"2 679 497";"10 246";"";"";"";"";"";"";""
"LA REUNION";"LA REUNION";"97411";"SAINT DENIS";"517";"2 530 939";"11 143";"";"";"";"";"";"";""
"LA REUNION";"LA REUNION";"97415";"SAINT PAUL";"318";"2 509 763";"9 170";"";"";"";"";"";"";""
"LA REUNION";"LA REUNION";"97416";"SAINT PIERRE";"166";"2 678 032";"10 864";"";"";"";"";"";"";""
"LA REUNION";"LA REUNION";"97414";"SAINT-LOUIS";"51";"2 464 169";"9 331";"";"";"";"";"";"";""
"LA REUNION";"LA REUNION";"97418";"SAINTE MARIE";"74";"2 117 078";"8 348";"";"";"";"";"";"";""
"LA REUNION";"LA REUNION";"97422";"TAMPON";"149";"2 261 774";"9 067";"";"";"";"";"";"";""