Année;Semestre;Nom;Prénom;Ex ex % absences non justifiées;Groupe;Nombre de réunions;% absences non justifiées;Ex %
2018;1;BENHAIM;Frédéric;0.0666666666667;E-IDF;15.0;6.66666666667;0.0666666666667
2018;1;AESCHLIMANN;Marie-Do;0.0;LRI;13.0;0.0;0.0
2018;1;BARDELLA;Jordan;0.0;RN-IDF;12.0;0.0;0.0
2018;1;BAYOU;Julien;0.0714285714286;AES;14.0;7.14285714286;0.0714285714286
2018;1;BADRÉ;Marie-Pierre;0.0;LRI;16.0;0.0;0.0
2018;1;BENZELMAT;Yasmine;0.0;NI;9.0;0.0;0.0
2018;1;BATTAIL;Gilles;0.0;LRI;12.0;0.0;0.0
2018;1;BODIN;Claude;0.0;LRI;13.0;0.0;0.0
2018;1;CABRIT;Anne;0.0;LRI;22.0;0.0;0.0
2017;2;DIRRINGER;Marie-Christine;0.0740740740741;CD;27.0;7.40740740741;0.0740740740741
2017;2;DEROUARD;Clotilde;0.0263157894737;UDI;38.0;2.63157894737;0.0263157894737
2017;2;DENIZIOT;Pierre;0.0294117647059;LRI;34.0;2.94117647059;0.0294117647059
2017;2;COURTOIS;Daniel-Georges;0.0;LRI;16.0;0.0;0.0
2017;2;DAUVERGNE;Emmanuelle;0.0;LRI;29.0;0.0;0.0
2017;2;COSKUN;Taylan;0.037037037037;FDG;27.0;3.7037037037;0.037037037037
2017;2;DAMERVAL;François;0.0;AES;38.0;0.0;0.0
2017;2;DIDIER;Geoffroy;0.0;LRI;25.0;0.0;0.0
2017;2;DOUSSET;Didier;0.0;CD;22.0;0.0;0.0
2017;2;DENIZ;Emir;0.2;AES;20.0;20.0;0.2
2017;2;CARREY-CONTE;Fanélie;0.0714285714286;AES;28.0;7.14285714286;0.0714285714286
2017;2;BENHAIM;Frédéric;0.0967741935484;E-IDF;31.0;9.67741935484;0.0967741935484
2017;2;CHARTIER;Jérôme;0.0434782608696;LRI;23.0;4.34782608696;0.0434782608696
2017;2;BEAUDET;Stéphane;0.0434782608696;LRI;23.0;4.34782608696;0.0434782608696
2017;2;CHAIN-LARCHÉ;Anne;0.12;LRI;25.0;12.0;0.12
2017;2;BERESSI;Isabelle;0.0;E-IDF;24.0;0.0;0.0
2017;2;CAPLIEZ;Stéphane;0.0;LRI;17.0;0.0;0.0
2017;2;BARBOTIN;Gaël;0.0;LRI;29.0;0.0;0.0
2017;2;CHEVRON;Benoît;0.0;LRI;30.0;0.0;0.0
2017;2;CABRIT;Anne;0.0;LRI;31.0;0.0;0.0
2018;1;LACAPELLE;Jean-Lin;0.0;RN-IDF;9.0;0.0;0.0
2018;1;KRIBI-ROMDHANE;Hella;0.0;AES;20.0;0.0;0.0
2018;1;LEGRAND;Aurélien;0.0;RN-IDF;17.0;0.0;0.0
2018;1;KENYA;Ngandu;0.153846153846;LRI;13.0;15.3846153846;0.153846153846
2018;1;JEUNEMAITRE;Eric;0.0;LRI;13.0;0.0;0.0
2018;1;JALLAMION;Michel;0.0;FDG;19.0;0.0;0.0
2018;1;LECOQ;Jean-Pierre;0.0;LRI;14.0;0.0;0.0
2018;1;HUMBERT;Thibault;0.0;LRI;11.0;0.0;0.0
2018;1;LAURENT;Philippe;0.0;UDI;14.0;0.0;0.0
2018;1;HIDRI;Faten;0.0;UDI;11.0;0.0;0.0
2018;1;MESADIEU;Anne-Louise;0.0;LRI;13.0;0.0;0.0
2018;1;PLACÉ;Jean-Vincent;0.0;RCDEC;9.0;0.0;0.0
2018;1;MONCHECOURT;Sylvie;0.0;UDI;16.0;0.0;0.0
2018;1;ROMANA;Viviane;0.0;E-IDF;8.0;0.0;0.0
2018;1;REDLER;Jérémy;0.0;LRI;22.0;0.0;0.0
2018;1;SALL;Ramatoulaye;0.0;AES;14.0;0.0;0.0
2018;1;RUIZ;Jean-Michel;0.0;FDG;17.0;0.0;0.0
2018;1;LOREC;Philippe;0.0;LRI;13.0;0.0;0.0
2018;1;OUCHIKH;Karim;0.0;NI;16.0;0.0;0.0
2017;2;ADLANI;Farida;0.0;CD;23.0;0.0;0.0
2018;1;DIRRINGER;Marie-Christine;0.0;CD;15.0;0.0;0.0
2018;1;GRANDGAMBE;Sandrine;0.0;AES;13.0;0.0;0.0
2018;1;FOUCHAULT;Michel;0.0;LRI;17.0;0.0;0.0
2018;1;FOUCHÉ;Huguette;0.0;CD;27.0;0.0;0.0
2018;1;GIAFFERI;Pascal;0.0;CD;19.0;0.0;0.0
2018;1;ELIMAS;Nathalie;0.0;CD;9.0;0.0;0.0
2018;1;GROUX;Nathalie;0.0;UDI;16.0;0.0;0.0
2018;1;DOSNE;Olivier;0.0;LRI;14.0;0.0;0.0
2018;1;FUCHS;Sylvie;0.0;FDG;13.0;0.0;0.0
2018;1;EVREN;Agnès;0.0;LRI;12.0;0.0;0.0
2017;2;GAYETS (des);Maxime;0.0;E-IDF;23.0;0.0;0.0
2017;2;FUCHS;Sylvie;0.172413793103;FDG;29.0;17.2413793103;0.172413793103
2017;2;DURANTON;Marianne;0.0;UDI;30.0;0.0;0.0
2017;2;FREY;Christine;0.0;E-IDF;27.0;0.0;0.0
2017;2;ELIMAS;Nathalie;0.2;CD;25.0;20.0;0.2
2018;1;DAVIAUD;Jean-Philippe;0.0;E-IDF;14.0;0.0;0.0
2018;1;CARREY-CONTE;Fanélie;0.0;AES;14.0;0.0;0.0
2018;1;CHARBONNIER;Régis;0.0;E-IDF;11.0;0.0;0.0
2018;1;DAUVERGNE;Emmanuelle;0.0;LRI;12.0;0.0;0.0
2018;1;DELEPAULE;Nathalie;0.0;UDI;20.0;0.0;0.0
2018;1;CHARTIER;Jérôme;0.0;LRI;16.0;0.0;0.0
2018;1;CAPLIEZ;Stéphane;0.0;LRI;12.0;0.0;0.0
2018;1;D'ASTA;Nicola;0.0;E-IDF;10.0;0.0;0.0
2018;1;CAMARA;Yasmine;0.0;LRI;18.0;0.0;0.0
2018;1;CECCONI;Frank;0.0;LRI;16.0;0.0;0.0
2017;2;ROMERO - MICHEL;Jean-Luc;0.0357142857143;RCDEC;28.0;3.57142857143;0.0357142857143
2017;2;MONTANDON;Valérie;0.0344827586207;LRI;29.0;3.44827586207;0.0344827586207
2017;2;PERDEREAU;Isabelle;0.05;LRI;40.0;5.0;0.05
2017;2;MESSIER;Anne;0.0357142857143;LRI;28.0;3.57142857143;0.0357142857143
2017;2;ROGER;Vincent;0.0714285714286;LRI;28.0;7.14285714286;0.0714285714286
2017;2;REZEG;Hamida;0.0357142857143;LRI;28.0;3.57142857143;0.0357142857143
2017;2;QUILLERY;Christine;0.0;UDI;30.0;0.0;0.0
2017;1;BERTELLA-GEFFROY;Marie-Odile;0.08;AES;25.0;8.0;0.08
2017;1;COTÉ-MILLARD;Véronique;0.0416666666667;UDI;24.0;4.16666666667;0.0416666666667
2017;1;BOURSE-PROVENCE;Dominique;0.2;NI;20.0;20.0;0.2
2017;1;CARMANTRAND;Caroline;0.0769230769231;LRI;26.0;7.69230769231;0.0769230769231
2017;1;CHEVRIER;Philippe;0.0526315789474;NI;19.0;5.26315789474;0.0526315789474
2017;1;BERTHAUD;Corinne;0.047619047619;FN;21.0;4.7619047619;0.047619047619
2017;1;BERESSI;Isabelle;0.0;E-IDF;20.0;0.0;0.0
2017;1;BOLLÉE;Joffrey;0.0952380952381;NI;21.0;9.52380952381;0.0952380952381
2017;1;BAELDE;Charlotte;0.04;CD;25.0;4.0;0.04
2017;2;GUILLAUME;Marie-Célie;0.0434782608696;UDI;23.0;4.34782608696;0.0434782608696
2017;2;KIENZLEN;Jonathan;0.0333333333333;E-IDF;30.0;3.33333333333;0.0333333333333
2017;2;LEGARET;Jean-François;0.0344827586207;LRI;29.0;3.44827586207;0.0344827586207
2017;2;JALLAMION;Michel;0.0588235294118;FDG;34.0;5.88235294118;0.0588235294118
2017;2;JEANBRUN;Vincent;0.181818181818;LRI;33.0;18.1818181818;0.181818181818
2017;2;MEIGNEN;Thierry;0.192307692308;LRI;26.0;19.2307692308;0.192307692308
2017;2;GIAFFERI;Pascal;0.03125;CD;32.0;3.125;0.03125
2017;2;GROS;Aurélie;0.037037037037;LRI;27.0;3.7037037037;0.037037037037
2017;2;LECOQ;Jean-Pierre;0.0;LRI;28.0;0.0;0.0
2017;2;KARAM;Patrick;0.0;LRI;23.0;0.0;0.0
2018;1;COSSE;Emmanuelle;0.0;RCDEC;10.0;0.0;0.0
2018;1;COBLENTZ;Caroline;0.0;LRI;13.0;0.0;0.0
2018;1;BEAUDET;Stéphane;0.0;LRI;13.0;0.0;0.0
2018;1;CHEVRIER;Philippe;0.0;NI;14.0;0.0;0.0
2018;1;BÜRKLI;Delphine;0.0;LRI;13.0;0.0;0.0
2018;1;BAELDE;Charlotte;0.0;CD;13.0;0.0;0.0
2018;1;BERTHAUD;Corinne;0.0;NI;9.0;0.0;0.0
2018;1;CAMARA;Lamine;0.0;FDG;18.0;0.0;0.0
2018;1;ADLANI;Farida;0.0;CD;13.0;0.0;0.0
2017;2;DUGOIN-CLEMENT;Jean-Philippe;0.0384615384615;UDI;26.0;3.84615384615;0.0384615384615
2017;2;COTÉ-MILLARD;Véronique;0.0384615384615;UDI;26.0;3.84615384615;0.0384615384615
2017;2;BERTELLA-GEFFROY;Marie-Odile;0.0;AES;28.0;0.0;0.0
2017;2;CHEVRIER;Philippe;0.0454545454545;NI;22.0;4.54545454545;0.0454545454545
2017;2;FRANCLET;Karine;0.0344827586207;UDI;29.0;3.44827586207;0.0344827586207
2017;2;GONZALES;Didier;0.0333333333333;LRI;30.0;3.33333333333;0.0333333333333
2017;2;DOUILLET;David;0.0540540540541;LRI;37.0;5.40540540541;0.0540540540541
2017;2;FOUCHÉ;Huguette;0.027027027027;CD;37.0;2.7027027027;0.027027027027
2017;2;CUZOU;Gilbert;0.136363636364;NI;22.0;13.6363636364;0.136363636364
2017;2;BATTAIL;Gilles;0.0;LRI;27.0;0.0;0.0
2018;1;SARKISSIAN;Roseline;0.0454545454545;E-IDF;22.0;4.54545454545;0.0454545454545
2017;2;AESCHLIMANN;Marie-Do;0.0740740740741;LRI;27.0;7.40740740741;0.0740740740741
2018;1;YOUSSOUF;Mélissa;0.153846153846;AES;13.0;15.3846153846;0.153846153846
2018;1;SOUMARE;Ali;0.277777777778;E-IDF;18.0;27.7777777778;0.277777777778
2018;1;TRIGANCE;Yannick;0.0;E-IDF;15.0;0.0;0.0
2018;1;VIGIER;Jean-François;0.0;UDI;23.0;0.0;0.0
2018;1;TROUSSARD;Béatrice;0.0;NI;11.0;0.0;0.0
2017;2;ANDROUËT;Mathilde;0.0;FN;28.0;0.0;0.0
2018;1;VAN;Thi Hong Chau;0.0;CD;9.0;0.0;0.0
2018;1;RUFET;Corinne;0.0;AES;9.0;0.0;0.0
2018;1;PLANCHOU;Jean-Paul;0.0;E-IDF;8.0;0.0;0.0
2018;1;PECHENARD;Frédéric;0.0;LRI;11.0;0.0;0.0
2018;1;LOUSTAU;Axel;0.5;RN-IDF;10.0;50.0;0.5
2018;1;MALAISE;Céline;0.0;FDG;22.0;0.0;0.0
2018;1;MEIGNEN;Thierry;0.0;LRI;13.0;0.0;0.0
2018;1;MARGAIN;Franck;0.0;LRI;13.0;0.0;0.0
2018;1;MARIAUD;Sylvie;0.0;UDI;11.0;0.0;0.0
2018;1;MESSIER;Anne;0.0;LRI;13.0;0.0;0.0
2018;1;MONOD;Claire;0.0;AES;10.0;0.0;0.0
2018;1;NAUTH;Cyril;0.0;FN;9.0;0.0;0.0
2017;2;TARDY-JOUBERT;Nicolas;0.0357142857143;LRI;28.0;3.57142857143;0.0357142857143
2017;2;VIGIER;Jean-François;0.0322580645161;UDI;31.0;3.22580645161;0.0322580645161
2017;1;COSSE;Emmanuelle;0.047619047619;RCDEC;21.0;4.7619047619;0.047619047619
2017;1;BOURNAZEL;Pierre-Yves;0.0;LRI;25.0;0.0;0.0
2017;1;CARILLON;Sylvie;0.04;LRI;25.0;4.0;0.04
2017;1;DELEPAULE;Nathalie;0.0;UDI;20.0;0.0;0.0
2017;1;D'ASTA;Nicola;0.0;E-IDF;20.0;0.0;0.0
2017;2;SAINT JUST (de);Wallerand;0.0645161290323;FN;31.0;6.45161290323;0.0645161290323
2017;2;PECHENARD;Frédéric;0.0434782608696;LRI;23.0;4.34782608696;0.0434782608696
2017;2;PLACÉ;Jean-Vincent;0.181818181818;RCDEC;22.0;18.1818181818;0.181818181818
2017;2;SANTINI;Jean-Luc;0.0666666666667;LRI;30.0;6.66666666667;0.0666666666667
2017;2;RICHARD;Arnaud;0.0434782608696;UDI;23.0;4.34782608696;0.0434782608696
2017;2;PRIMEVERT;Catherine;0.0;LRI;34.0;0.0;0.0
2017;2;PIGANEAU;Sylvie;0.03125;LRI;32.0;3.125;0.03125
2017;2;OUCHIKH;Karim;0.0666666666667;NI;30.0;6.66666666667;0.0666666666667
2017;2;MONOD;Claire;0.0666666666667;AES;15.0;6.66666666667;0.0666666666667
2017;2;SERNE;Pierre;0.0;AES;29.0;0.0;0.0
2017;2;VENEZIANO;Stéphanie;0.04;E-IDF;25.0;4.0;0.04
2017;2;VALLETOUX;Frédéric;0.0606060606061;LRI;33.0;6.06060606061;0.0606060606061
2017;2;TROUSSARD;Béatrice;0.107142857143;NI;28.0;10.7142857143;0.107142857143
2017;2;YOUSSOUF;Mélissa;0.107142857143;AES;28.0;10.7142857143;0.107142857143
2017;1;AUTAIN;Clémentine;0.233333333333;FDG;30.0;23.3333333333;0.233333333333
2017;1;BARBOTIN;Gaël;0.0769230769231;LRI;26.0;7.69230769231;0.0769230769231
2017;1;BENHAIM;Frédéric;0.04;AES;25.0;4.0;0.04
2017;2;VON EUW;Stéphanie;0.0;LRI;23.0;0.0;0.0
2017;2;SPIRI;Jean;0.0357142857143;LRI;28.0;3.57142857143;0.0357142857143
2017;2;WEHRLING;Yann;0.0;CD;28.0;0.0;0.0
2017;2;MONCHECOURT;Sylvie;0.241379310345;UDI;29.0;24.1379310345;0.241379310345
2017;2;LAMIRÉ-BURTIN;Sandrine;0.0;CD;28.0;0.0;0.0
2017;2;GUENOUX;Muriel;0.0344827586207;RCDEC;29.0;3.44827586207;0.0344827586207
2017;2;LEGRAND;Aurélien;0.0344827586207;FN;29.0;3.44827586207;0.0344827586207
2017;2;HUMBERT;Thibault;0.166666666667;LRI;30.0;16.6666666667;0.166666666667
2017;2;LAPORTE;Manon;0.0882352941176;LRI;34.0;8.82352941176;0.0882352941176
2017;2;LOREC;Philippe;0.037037037037;LRI;27.0;3.7037037037;0.037037037037
2017;2;LE BOHELLEC;Franck;0.0;LRI;30.0;0.0;0.0
2017;2;LE CLERE;Arnaud;0.0;LRI;28.0;0.0;0.0
2017;2;JEANNE;Laurent;0.0;LRI;16.0;0.0;0.0
2018;1;LASTEYRIE (de);Grégoire;0.0;LRI;11.0;0.0;0.0
2018;1;GAYETS (des);Maxime;0.0;E-IDF;12.0;0.0;0.0
2018;1;LAMIRÉ-BURTIN;Sandrine;0.0;CD;14.0;0.0;0.0
2018;1;KIENZLEN;Jonathan;0.0;E-IDF;11.0;0.0;0.0
2018;1;KALFON;François;0.0;E-IDF;15.0;0.0;0.0
2018;1;LEQUILLER;Pierre;0.0;LRI;34.0;0.0;0.0
2018;1;LE CLERE;Arnaud;0.0;LRI;14.0;0.0;0.0
2018;1;HEBERT;Gérard;0.0;LRI;17.0;0.0;0.0
2018;1;GABRIEL;Denis;0.0;LRI;19.0;0.0;0.0
2018;1;LAHMER;Annie;0.0;AES;13.0;0.0;0.0
2018;1;DE FREITAS;Gorete;0.0;RN-IDF;10.0;0.0;0.0
2018;1;COURTOIS;Daniel-Georges;0.0;LRI;13.0;0.0;0.0
2018;1;DA SILVA;Carlos;0.0;E-IDF;19.0;0.0;0.0
2018;1;DUMAS;Frédérique;0.0;RCDEC;9.0;0.0;0.0
2018;1;DAMERVAL;François;0.0;AES;29.0;0.0;0.0
2018;1;DUBLANCHE;Alexandra;0.0;LRI;13.0;0.0;0.0
2018;1;DEROUARD;Clotilde;0.0;LRI;35.0;0.0;0.0
2018;1;DURANTON;Marianne;0.0;UDI;13.0;0.0;0.0
2018;1;FRANCLET;Karine;0.0;UDI;13.0;0.0;0.0
2018;1;COURNET;Aurélie;0.0;NI;9.0;0.0;0.0
2017;1;DUGOIN-CLEMENT;Jean-Philippe;0.0;UDI;23.0;0.0;0.0
2017;1;DENIZIOT;Pierre;0.08;LRI;25.0;8.0;0.08
2017;1;FREY;Christine;0.0;E-IDF;22.0;0.0;0.0
2017;1;LIME-BIFFE;Catherine;0.103448275862;E-IDF;29.0;10.3448275862;0.103448275862
2018;1;DUGOIN-CLEMENT;Jean-Philippe;0.0769230769231;UDI;13.0;7.69230769231;0.0769230769231
2018;1;DUTHEIL DE LA ROCHERE;Bertrand;0.0;NI;9.0;0.0;0.0
2018;1;CARMANTRAND;Caroline;0.0;LRI;13.0;0.0;0.0
2018;1;CHAIN-LARCHÉ;Anne;0.0;LRI;11.0;0.0;0.0
2018;1;GAUDUCHEAU;Bernard;0.0;UDI;10.0;0.0;0.0
2018;1;FREY;Christine;0.0;E-IDF;15.0;0.0;0.0
2018;1;FERNIOT;Benjamin;0.0;UDI;9.0;0.0;0.0
2018;1;GIAZZI;Danièle;0.0;LRI;11.0;0.0;0.0
2018;1;CHERON;James;0.0;UDI;13.0;0.0;0.0
2017;2;THIS SAINT-JEAN;Isabelle;0.12;E-IDF;25.0;12.0;0.12
2017;1;ANDROUËT;Mathilde;0.0434782608696;FN;23.0;4.34782608696;0.0434782608696
2017;2;ROZIERES (de);Babette;0.0;LRI;30.0;0.0;0.0
2017;1;BÜRKLI;Delphine;0.0714285714286;LRI;28.0;7.14285714286;0.0714285714286
2017;1;BARIANI;Didier;0.166666666667;UDI;18.0;16.6666666667;0.166666666667
2017;1;BENZELMAT;Yasmine;0.1;NI;20.0;10.0;0.1
2017;1;BESCHIZZA;Bruno;0.04;LRI;25.0;4.0;0.04
2017;1;BODIN;Claude;0.235294117647;LRI;34.0;23.5294117647;0.235294117647
2017;2;SATOURI;Mounir;0.0;AES;32.0;0.0;0.0
2017;1;ADLANI;Farida;0.0;CD;18.0;0.0;0.0
2017;2;MOLLARD-CADIX;Laure-Agnès;0.166666666667;UDI;30.0;16.6666666667;0.166666666667
2017;2;PLANCHOU;Jean-Paul;0.0869565217391;E-IDF;23.0;8.69565217391;0.0869565217391
2017;2;PORTELLI;Florence;0.0277777777778;LRI;36.0;2.77777777778;0.0277777777778
2017;2;LEQUILLER;Pierre;0.0645161290323;LRI;31.0;6.45161290323;0.0645161290323
2017;2;PERE-BRILLAULT;Anne;0.0;LRI;29.0;0.0;0.0
2017;2;MARGAIN;Franck;0.125;LRI;24.0;12.5;0.125
2017;2;MILLIENNE;Bruno;0.16;CD;25.0;16.0;0.16
2017;2;REDLER;Jérémy;0.0;LRI;34.0;0.0;0.0
2017;2;NAUTH;Cyril;0.166666666667;FN;24.0;16.6666666667;0.166666666667
2017;2;MARIAUD;Sylvie;0.0;UDI;13.0;0.0;0.0
2018;1;VENEZIANO;Stéphanie;0.0;E-IDF;15.0;0.0;0.0
2017;2;BENZELMAT;Yasmine;0.0434782608696;NI;23.0;4.34782608696;0.0434782608696
2017;2;BAELDE;Charlotte;0.0357142857143;CD;28.0;3.57142857143;0.0357142857143
2017;2;BARIANI;Didier;0.227272727273;UDI;22.0;22.7272727273;0.227272727273
2017;2;BADRÉ;Marie-Pierre;0.0;LRI;28.0;0.0;0.0
2018;1;VON EUW;Stéphanie;0.0;LRI;12.0;0.0;0.0
2017;2;BARDELLA;Jordan;0.24;FN;25.0;24.0;0.24
2017;2;AIT;Eddie;0.037037037037;RCDEC;27.0;3.7037037037;0.037037037037
2018;1;WEHRLING;Yann;0.0;CD;23.0;0.0;0.0
2017;2;BODIN;Claude;0.0;NI;33.0;0.0;0.0
2017;1;CIUNTU;Marie-Carole;0.148148148148;LRI;27.0;14.8148148148;0.148148148148
2017;1;CHARTIER;Jérôme;0.111111111111;LRI;18.0;11.1111111111;0.111111111111
2017;1;CHEVRON;Benoît;0.0384615384615;LRI;26.0;3.84615384615;0.0384615384615
2017;1;CAFFIN;Michel;0.192307692308;LRI;26.0;19.2307692308;0.192307692308
2017;1;CHAIN-LARCHÉ;Anne;0.0;LR;18.0;0.0;0.0
2017;1;COURNET;Aurélie;0.05;FN;20.0;5.0;0.05
2017;1;COSKUN;Taylan;0.28;FDG;25.0;28.0;0.28
2017;1;CHERRIER;Pierre;0.0;FN;19.0;0.0;0.0
2017;1;CECCONI;Frank;0.0;UDI;25.0;0.0;0.0
2017;1;CHERON;James;0.0;UDI;25.0;0.0;0.0
2018;1;SAINT JUST (de);Wallerand;0.0;RN-IDF;26.0;0.0;0.0
2018;1;NICOLLE;Jean-Marc;0.111111111111;RCDEC;9.0;11.1111111111;0.111111111111
2018;1;LEGARET;Jean-François;0.0;LRI;30.0;0.0;0.0
2018;1;VALLETOUX;Frédéric;0.0;LRI;22.0;0.0;0.0
2018;1;MONTANDON;Valérie;0.0;LRI;15.0;0.0;0.0
2018;1;MELIANE;Loubna;0.0;RCDEC;13.0;0.0;0.0
2018;1;SATOURI;Mounir;0.0;AES;23.0;0.0;0.0
2018;1;RICHARD;Arnaud;0.0;UDI;10.0;0.0;0.0
2018;1;NASROU;Othman;0.0;LRI;25.0;0.0;0.0
2018;1;ROGER;Vincent;0.0;LRI;13.0;0.0;0.0
2017;1;DAUVERGNE;Emmanuelle;0.0;LRI;27.0;0.0;0.0
2017;1;DURANTON;Marianne;0.04;UDI;25.0;4.0;0.04
2017;1;DUBLANCHE;Alexandra;0.0;LRI;28.0;0.0;0.0
2017;1;EVREN;Agnès;0.111111111111;LRI;18.0;11.1111111111;0.111111111111
2017;1;ELIMAS;Nathalie;0.0;CD;25.0;0.0;0.0
2017;2;JARRY-BOUABID;Anne-Claire;0.0740740740741;AES;27.0;7.40740740741;0.0740740740741
2017;2;ESPARGILIERE;Juliette;0.0416666666667;RCDEC;24.0;4.16666666667;0.0416666666667
2017;2;GRANDGAMBE;Sandrine;0.0769230769231;E-IDF;26.0;7.69230769231;0.0769230769231
2017;2;KRIBI-ROMDHANE;Hella;0.1875;AES;32.0;18.75;0.1875
2017;2;JEUNEMAITRE;Eric;0.0357142857143;LRI;28.0;3.57142857143;0.0357142857143
2017;2;FOUCHAULT;Michel;0.0714285714286;LRI;14.0;7.14285714286;0.0714285714286
2017;2;DRAY;Julien;0.304347826087;E-IDF;23.0;30.4347826087;0.304347826087
2017;2;JUILLE;Vanessa;0.260869565217;NI;23.0;26.0869565217;0.260869565217
2017;2;GROUX;Nathalie;0.0;UDI;13.0;0.0;0.0
2017;2;LAHMER;Annie;0.0;AES;28.0;0.0;0.0
2017;2;BOURSE-PROVENCE;Dominique;0.291666666667;NI;24.0;29.1666666667;0.291666666667
2017;2;DAVIAUD;Jean-Philippe;0.130434782609;E-IDF;23.0;13.0434782609;0.130434782609
2017;2;CHARBONNIER;Régis;0.142857142857;E-IDF;14.0;14.2857142857;0.142857142857
2017;2;CIUNTU;Marie-Carole;0.0571428571429;LRI;35.0;5.71428571429;0.0571428571429
2017;2;CARILLON;Sylvie;0.103448275862;LRI;29.0;10.3448275862;0.103448275862
2017;2;CHERRIER;Pierre;0.0952380952381;FN;21.0;9.52380952381;0.0952380952381
2017;2;CAFFIN;Michel;0.0740740740741;LRI;27.0;7.40740740741;0.0740740740741
2017;2;COURNET;Aurélie;0.125;FN;24.0;12.5;0.125
2017;2;BÜRKLI;Delphine;0.0;LRI;29.0;0.0;0.0
2017;2;CHERON;James;0.0;UDI;27.0;0.0;0.0
2018;1;LAVALETTE (de);Béatrice;0.0;UDI;11.0;0.0;0.0
2018;1;LANIESSE;Philippine;0.0;CD;14.0;0.0;0.0
2018;1;LE BOHELLEC;Franck;0.0;LRI;16.0;0.0;0.0
2018;1;HAMON;Benoît;0.0666666666667;AES;15.0;6.66666666667;0.0666666666667
2018;1;JIMENEZ;Benoît;0.0;UDI;13.0;0.0;0.0
2018;1;JEANNE;Laurant;0.0;LRI;16.0;0.0;0.0
2018;1;LAPORTE;Manon;0.0;LRI;19.0;0.0;0.0
2018;1;JUILLE;Vanessa;0.0;NI;9.0;0.0;0.0
2018;1;KARAM;Patrick;0.0;LRI;12.0;0.0;0.0
2018;1;GROS;Aurélie;0.0;LRI;13.0;0.0;0.0
2017;1;GONTRIE (de la);Marie-Pierre;0.08;E-IDF;25.0;8.0;0.08
2017;1;GUIBERT;Audrey;0.0869565217391;FN;23.0;8.69565217391;0.0869565217391
2017;1;GROS;Aurélie;0.0384615384615;LRI;26.0;3.84615384615;0.0384615384615
2017;1;FUCHS;Sylvie;0.0;FDG;26.0;0.0;0.0
2017;1;HIDRI;Faten;0.0;UDI;18.0;0.0;0.0
2016;1;GUILLAUD-BATAILLE;Fabien;0.17;FDG;36.0;17.0;0.17
2018;1;BERTELLA-GEFFROY;Marie-Odile;0.0;AES;13.0;0.0;0.0
2018;1;BOURSE-PROVENCE;Dominique;0.0;NI;9.0;0.0;0.0
2018;1;AIDOUD-SAKI;Samira;0.0769230769231;LRI;13.0;7.69230769231;0.0769230769231
2018;1;ANDROUËT;Mathilde;0.0;RN-IDF;19.0;0.0;0.0
2018;1;CHERRIER;Pierre;0.0;RN-IDF;7.0;0.0;0.0
2018;1;BORD;Corinne;0.0909090909091;E-IDF;11.0;9.09090909091;0.0909090909091
2018;1;BARJOU;Dominique;0.0;E-IDF;13.0;0.0;0.0
2018;1;CARILLON;Sylvie;0.0;LRI;14.0;0.0;0.0
2018;1;BOLLÉE;Joffrey;0.0;NI;9.0;0.0;0.0
2017;1;BEAUDET;Stéphane;0.0555555555556;LRI;18.0;5.55555555556;0.0555555555556
2017;1;AZZAZ;Nadège;0.0322580645161;E-IDF;31.0;3.22580645161;0.0322580645161
2017;1;CARREY-CONTE;Fanélie;0.0;AES;20.0;0.0;0.0
2017;1;ALEXANDRE;Magali;0.35;E-IDF;20.0;35.0;0.35
2017;1;BORD;Corinne;0.181818181818;E-IDF;22.0;18.1818181818;0.181818181818
2017;1;BARJOU;Dominique;0.0;E-IDF;28.0;0.0;0.0
2017;1;BADRÉ;Marie-Pierre;0.0;LRI;26.0;0.0;0.0
2017;1;BARDELLA;Jordan;0.05;FN;20.0;5.0;0.05
2017;1;AIDOUD;Samira;0.16;LRI;25.0;16.0;0.16
2017;2;MONVILLE-DE CECCO;Bénédicte;0.121212121212;AES;33.0;12.1212121212;0.121212121212
2017;1;AESCHLIMANN;Marie-Do;0.15;LRI;20.0;15.0;0.15
2017;2;MARSIGNY;Brigitte;0.15625;LRI;32.0;15.625;0.15625
2017;2;VAN;Thi Hong Chau;0.0869565217391;CD;23.0;8.69565217391;0.0869565217391
2017;2;ROMANA;Viviane;0.12;RCDEC;25.0;12.0;0.12
2017;2;PECRESSE;Valérie;0.0;LRI;25.0;0.0;0.0
2017;2;MELIANE;Loubna;0.0;E-IDF;28.0;0.0;0.0
2017;2;ROMERO;Roberto;0.0625;AES;32.0;6.25;0.0625
2017;2;PAWLIK;Déborah;0.0;LRI;30.0;0.0;0.0
2017;2;ROYER;Christel;0.0;LRI;28.0;0.0;0.0
2017;2;DE FREITAS;Gorete;0.0869565217391;FN;23.0;8.69565217391;0.0869565217391
2017;2;COBLENTZ;Caroline;0.0714285714286;LRI;28.0;7.14285714286;0.0714285714286
2017;2;FERNIOT;Benjamin;0.115384615385;UDI;26.0;11.5384615385;0.115384615385
2017;2;D'ASTA;Nicola;0.0416666666667;E-IDF;24.0;4.16666666667;0.0416666666667
2017;2;GHIATI;Vanessa;0.0357142857143;FDG;28.0;3.57142857143;0.0357142857143
2017;2;DA SILVA;Carlos;0.0;E-IDF;27.0;0.0;0.0
2017;2;DUBLANCHE;Alexandra;0.0;LRI;29.0;0.0;0.0
2017;2;COSSE;Emmanuelle;0.0;RCDEC;25.0;0.0;0.0
2017;2;DESCHIENS;Sophie;0.0;LRI;33.0;0.0;0.0
2017;2;GABRIEL;Denis;0.0;LRI;31.0;0.0;0.0
2017;2;GUILLAUD-BATAILLE;Fabien;0.172413793103;FDG;29.0;17.2413793103;0.172413793103
2017;2;MARQUAILLE;Benoît;0.181818181818;E-IDF;22.0;18.1818181818;0.181818181818
2017;2;LAURENT;Philippe;0.107142857143;UDI;28.0;10.7142857143;0.107142857143
2017;2;LECOUTURIER;Béatrice;0.0;CD;28.0;0.0;0.0
2017;2;LACAPELLE;Jean-Lin;0.04;FN;25.0;4.0;0.04
2017;2;JAOUEN;Elvira;0.08;E-IDF;25.0;8.0;0.08
2017;2;KANUTY;Pierre;0.0;E-IDF;27.0;0.0;0.0
2017;2;MALAISE;Céline;0.0;FDG;32.0;0.0;0.0
2017;2;HEBERT;Gérard;0.0;LRI;30.0;0.0;0.0
2017;2;HIDRI;Faten;0.0;UDI;23.0;0.0;0.0
2018;1;ROMERO - MICHEL;Jean-Luc;0.0;RCDEC;15.0;0.0;0.0
2017;2;BERTHAUD;Corinne;0.0434782608696;FN;23.0;4.34782608696;0.0434782608696
2017;2;CAMARA;Yasmine;0.0322580645161;LRI;31.0;3.22580645161;0.0322580645161
2018;1;SOLERE;Thierry;0.0909090909091;LRI;11.0;9.09090909091;0.0909090909091
2017;2;BARJOU;Dominique;0.0;E-IDF;28.0;0.0;0.0
2017;2;BAYOU;Julien;0.0714285714286;AES;28.0;7.14285714286;0.0714285714286
2018;1;THOMAS;Olivier;0.0;E-IDF;16.0;0.0;0.0
2017;2;BESCHIZZA;Bruno;0.0;LRI;27.0;0.0;0.0
2017;2;CAMARA;Lamine;0.0;FDG;31.0;0.0;0.0
2018;1;SPIRI;Jean;0.0;LRI;14.0;0.0;0.0
2018;1;MOLLARD-CADIX;Laure-Agnès;0.0;UDI;12.0;0.0;0.0
2018;1;PECRESSE;Valérie;0.0;LRI;18.0;0.0;0.0
2018;1;PORTELLI;Florence;0.0;LRI;19.0;0.0;0.0
2018;1;SANTINI;Jean-Luc;0.0;LRI;12.0;0.0;0.0
2018;1;MILLIENNE;Bruno;0.0;CD;14.0;0.0;0.0
2018;1;SENEE;Ghislaine;0.0;AES;16.0;0.0;0.0
2018;1;ROMERO;Roberto;0.0;AES;19.0;0.0;0.0
2018;1;ROYER;Christel;0.0;LRI;15.0;0.0;0.0
2018;1;MIGNOT;Didier;0.0;FDG;17.0;0.0;0.0
2018;1;REZEG;Hamida;0.0;LRI;12.0;0.0;0.0
2017;1;EUSTACHE-BRINIO;Jacqueline;0.0689655172414;LRI;29.0;6.89655172414;0.0689655172414
2017;1;DA SILVA;Carlos;0.0869565217391;E-IDF;23.0;8.69565217391;0.0869565217391
2017;1;FERNIOT;Benjamin;0.0909090909091;UDI;22.0;9.09090909091;0.0909090909091
2017;1;COQUEREL;Eric;0.111111111111;FDG;27.0;11.1111111111;0.111111111111
2017;1;GIAFFERI;Pascal;0.0;CD;27.0;0.0;0.0
2017;1;GRANDGAMBE;Sandrine;0.0909090909091;AES;22.0;9.09090909091;0.0909090909091
2017;1;GUENOUX;Muriel;0.142857142857;RCDEC;21.0;14.2857142857;0.142857142857
2017;1;HUMBERT;Thibault;0.0384615384615;LRI;26.0;3.84615384615;0.0384615384615
2017;1;JEUNEMAITRE;Eric;0.04;LRI;25.0;4.0;0.04
2017;1;KANUTY;Pierre;0.0;E-IDF;25.0;0.0;0.0
2017;1;KARAM;Patrick;0.0;LRI;18.0;0.0;0.0
2017;1;LAMIRÉ-BURTIN;Sandrine;0.0;CD;25.0;0.0;0.0
2017;1;LOREC;Philippe;0.208333333333;LRI;24.0;20.8333333333;0.208333333333
2017;1;LOUSTAU;Axel;0.25;FN;20.0;25.0;0.25
2017;1;MALAISE;Céline;0.0;FDG;25.0;0.0;0.0
2017;1;MECHMACHE;Mohammed;0.12;AES;25.0;12.0;0.12
2017;1;MESSIER;Anne;0.27027027027;LRI;37.0;27.027027027;0.27027027027
2017;1;MOLLARD-CADIX;Laure-Agnès;0.137931034483;UDI;29.0;13.7931034483;0.137931034483
2017;1;NASROU;Othman;0.0;LRI;18.0;0.0;0.0
2017;1;NAUTH;Cyril;0.05;FN;20.0;5.0;0.05
2017;1;NICOLLE;Jean-Marc;0.047619047619;RCDEC;21.0;4.7619047619;0.047619047619
2017;1;NKONDA;Brice;0.2;UDI;20.0;20.0;0.2
2017;1;REDLER;Jérémy;0.0;LRI;28.0;0.0;0.0
2017;1;ROGER;Vincent;0.153846153846;LRI;26.0;15.3846153846;0.153846153846
2017;1;ROYER;Christel;0.0;LRI;25.0;0.0;0.0
2017;1;RUFET;Corinne;0.142857142857;AES;21.0;14.2857142857;0.142857142857
2017;1;RUIZ;Jean-Michel;0.0384615384615;FDG;26.0;3.84615384615;0.0384615384615
2017;1;SAINT JUST (de);Wallerand;0.2;FN;25.0;20.0;0.2
2017;1;SARKISSIAN;Roseline;0.0333333333333;E-IDF;30.0;3.33333333333;0.0333333333333
2017;1;SERNE;Pierre;0.0;AES;22.0;0.0;0.0
2017;1;TAILLÉ-POLIAN;Sophie;0.04;E-IDF;25.0;4.0;0.04
2017;1;TEMAL;Rachid;0.0;E-IDF;23.0;0.0;0.0
2018;1;BERESSI;Isabelle;0.0;E-IDF;9.0;0.0;0.0
2018;1;BERTHOUT;Florence;0.0;LRI;13.0;0.0;0.0
2018;1;AZZAZ;Nadège;0.0;E-IDF;24.0;0.0;0.0
2018;1;BARIANI;Didier;0.125;UDI;8.0;12.5;0.125
2018;1;CHKROUN;Benjamin;0.0;UDI;15.0;0.0;0.0
2018;1;BESCHIZZA;Bruno;0.0;LRI;12.0;0.0;0.0
2018;1;BARBOTIN;Gaël;0.0;LRI;14.0;0.0;0.0
2018;1;CAFFIN;Michel;0.0;LRI;16.0;0.0;0.0
2018;1;AIT;Eddie;0.0;RCDEC;21.0;0.0;0.0
2018;1;MARTINI-PEMEZEC;Carine;0.0;LRI;12.0;0.0;0.0
2018;1;MARQUAILLE;Benoît;0.0;RCDEC;7.0;0.0;0.0
2018;1;PERE-BRILLAULT;Anne;0.0;LRI;13.0;0.0;0.0
2018;1;LECOUTURIER;Béatrice;0.0;CD;13.0;0.0;0.0
2018;1;PERDEREAU;Isabelle;0.0;LRI;18.0;0.0;0.0
2018;1;MARSIGNY;Brigitte;0.0;LRI;18.0;0.0;0.0
2018;1;KASMI;Samia;0.0666666666667;AES;15.0;6.66666666667;0.0666666666667
2018;1;PAWLIK;Déborah;0.0;LRI;15.0;0.0;0.0
2018;1;DOUILLET;David;0.0;LRI;20.0;0.0;0.0
2018;1;NKONDA;Brice;0.0;UDI;13.0;0.0;0.0
2018;1;MONVILLE-DE CECCO;Bénédicte;0.0;AES;22.0;0.0;0.0
2018;1;ROZIERES (de);Babette;0.153846153846;LRI;13.0;15.3846153846;0.153846153846
2018;1;SALINI;Stéphane;0.0833333333333;UDI;12.0;8.33333333333;0.0833333333333
2018;1;PROFFIT;Julien;0.117647058824;LRI;17.0;11.7647058824;0.117647058824
2018;1;PRIMEVERT;Catherine;0.0;LRI;19.0;0.0;0.0
2018;1;QUILLERY;Christine;0.0;UDI;14.0;0.0;0.0
2018;1;PIGANEAU;Sylvie;0.0;LRI;18.0;0.0;0.0
2018;1;SAADI;Mustapha;0.0;UDI;16.0;0.0;0.0
2017;1;FRANCLET;Karine;0.037037037037;UDI;27.0;3.7037037037;0.037037037037
2017;1;GABRIEL;Denis;0.037037037037;LRI;27.0;3.7037037037;0.037037037037
2017;1;GUILLAUME;Marie-Célie;0.0;UDI;20.0;0.0;0.0
2017;1;JARRY-BOUABID;Anne-Claire;0.0384615384615;AES;26.0;3.84615384615;0.0384615384615
2017;1;JOUANNO;Chantal;0.0;UDI;18.0;0.0;0.0
2017;1;JUILLE;Vanessa;0.0;NI;21.0;0.0;0.0
2017;1;KIENZLEN;Jonathan;0.0;E-IDF;23.0;0.0;0.0
2017;1;KUSTER;Brigitte;0.111111111111;LRI;27.0;11.1111111111;0.111111111111
2017;1;LAHMER;Annie;0.0384615384615;AES;26.0;3.84615384615;0.0384615384615
2017;1;LE BOHELLEC;Franck;0.08;LRI;25.0;8.0;0.08
2017;1;MEIGNEN;Thierry;0.08;LRI;25.0;8.0;0.08
2017;1;MONCHECOURT;Sylvie;0.115384615385;UDI;26.0;11.5384615385;0.115384615385
2017;1;PAWLIK;Déborah;0.0357142857143;LRI;28.0;3.57142857143;0.0357142857143
2017;1;PECHENARD;Frédéric;0.111111111111;LRI;18.0;11.1111111111;0.111111111111
2017;1;PLACÉ;Jean-Vincent;0.25;RCDEC;20.0;25.0;0.25
2017;1;PLANCHOU;Jean-Paul;0.2;E-IDF;25.0;20.0;0.2
2017;1;PORTELLI;Florence;0.206896551724;LRI;29.0;20.6896551724;0.206896551724
2017;1;ROMERO;Roberto;0.285714285714;AES;28.0;28.5714285714;0.285714285714
2017;1;ROMERO - MICHEL;Jean-Luc;0.0;RCDEC;23.0;0.0;0.0
2017;1;ROZIERES (de);Babette;0.148148148148;LR;27.0;14.8148148148;0.148148148148
2017;1;SALL;Ramatoulaye;0.24;AES;25.0;24.0;0.24
2017;1;SENEE;Ghislaine;0.0384615384615;AES;26.0;3.84615384615;0.0384615384615
2017;1;SOLERE;Thierry;0.037037037037;LRI;27.0;3.7037037037;0.037037037037
2017;1;TARDY-JOUBERT;Nicolas;0.0;LRI;25.0;0.0;0.0
2017;1;THOMAS;Claudine;0.0;LRI;25.0;0.0;0.0
2017;1;VALLETOUX;Frédéric;0.153846153846;LRI;26.0;15.3846153846;0.153846153846
2017;1;VON EUW;Stéphanie;0.0;LRI;18.0;0.0;0.0
2016;2;ANDROUËT;Mathilde;0.0;FN;30.0;0.0;0.0
2016;2;BATTAIL;Gilles;0.07;LR;28.0;7.0;0.07
2016;2;BODIN;Claude;0.06;LR;34.0;6.0;0.06
2016;2;CHARTIER;Jérôme;0.16;LR;25.0;16.0;0.16
2016;2;JAOUEN;Elvira;0.0;S&R;23.0;0.0;0.0
2016;2;JEUNEMAITRE;Eric;0.08;LR;26.0;8.0;0.08
2016;2;LANIESSE;Philippine;0.03;CD;33.0;3.0;0.03
2016;2;LEGARET;Jean-François;0.0;LR;25.0;0.0;0.0
2016;2;MEIGNEN;Thierry;0.21;LR;29.0;21.0;0.21
2016;2;MOLLARD-CADIX;Laure-Agnès;0.0;UDI;31.0;0.0;0.0
2016;2;ROMERO - MICHEL;Jean-Luc;0.06;RCDE;31.0;6.0;0.06
2016;2;SAINT JUST (de);Wallerand;0.17;FN;29.0;17.0;0.17
2016;2;BERTHOUT;Florence;0.11;LR;27.0;11.0;0.11
2016;2;COURNET;Aurélie;0.09;FN;23.0;9.0;0.09
2016;2;DENIZIOT;Pierre;0.0;LR;27.0;0.0;0.0
2016;2;LEQUILLER;Pierre;0.11;LR;27.0;11.0;0.11
2016;2;REDLER;Jérémy;0.0;LR;34.0;0.0;0.0
2016;2;ALEXANDRE;Magali;0.13;S&R;23.0;13.0;0.13
2016;2;CARREY-CONTE;Fanélie;0.17;S&R;23.0;17.0;0.17
2016;2;HUMBERT;Thibault;0.06;LR;31.0;6.0;0.06
2016;2;MESSIER;Anne;0.18;LR;33.0;18.0;0.18
2016;2;OUCHIKH;Karim;0.04;FN;23.0;4.0;0.04
2016;2;PRIMEVERT;Catherine;0.0;LR;34.0;0.0;0.0
2016;2;COBLENTZ;Caroline;0.07;LR;27.0;7.0;0.07
2016;2;COSKUN;Taylan;0.15;FDG;27.0;15.0;0.15
2016;2;COTÉ-MILLARD;Véronique;0.0;UDI;30.0;0.0;0.0
2016;2;GUILLAUME;Marie-Célie;0.12;UDI;25.0;12.0;0.12
2016;2;KALFON;François;0.17;S&R;23.0;17.0;0.17
2016;2;PAWLIK;Déborah;0.0;LR;28.0;0.0;0.0
2016;2;PERDEREAU;Isabelle;0.08;LR;37.0;8.0;0.08
2016;2;BADRÉ;Marie-Pierre;0.0;LR;30.0;0.0;0.0
2016;2;DUMAS;Frédérique;0.17;UDI;30.0;17.0;0.17
2016;2;FUCHS;Sylvie;0.1;FDG;30.0;10.0;0.1
2016;2;LE BOHELLEC;Franck;0.11;LR;27.0;11.0;0.11
2016;2;MECHMACHE;Mohammed;0.07;EELVA;30.0;7.0;0.07
2016;2;MILLIENNE;Bruno;0.0;CD;24.0;0.0;0.0
2016;2;NICOLLE;Jean-Marc;0.0;RCDE;24.0;0.0;0.0
2016;2;SAADI;Mustapha;0.03;UDI;34.0;3.0;0.03
2016;2;VON EUW;Stéphanie;0.0;LR;25.0;0.0;0.0
2016;1;CABRIT;Anne;0.1;LR;39.0;10.0;0.1
2016;1;GUIBERT;Audrey;0.03;FN;34.0;3.0;0.03
2016;1;COSKUN;Taylan;0.06;FDG;36.0;6.0;0.06
2016;1;DOSNE;Olivier;0.0;LR;37.0;0.0;0.0
2016;1;DOUILLET;David;0.1;LR;29.0;10.0;0.1
2016;1;HUGONET;Jean-Raymond;0.03;LR;38.0;3.0;0.03
2016;1;MECHMACHE;Mohammed;0.17;EELVA;35.0;17.0;0.17
2017;2;SALINI;Stéphane;0.0869565217391;UDI;23.0;8.69565217391;0.0869565217391
2017;2;THOMAS;Olivier;0.0;E-IDF;30.0;0.0;0.0
2017;2;TORO;Ludovic;0.115384615385;UDI;26.0;11.5384615385;0.115384615385
2017;2;SOLERE;Thierry;0.25;LRI;28.0;25.0;0.25
2017;2;SAADI;Mustapha;0.03125;UDI;32.0;3.125;0.03125
2017;2;SOUMARE;Ali;0.0;E-IDF;13.0;0.0;0.0
2017;2;SAMSOEN;Nicolas;0.0;UDI;11.0;0.0;0.0
2017;2;RUFET;Corinne;0.2;AES;25.0;20.0;0.2
2017;2;RUIZ;Jean-Michel;0.0;FDG;28.0;0.0;0.0
2017;1;DUTHEIL DE LA ROCHERE;Bertrand;0.0;NI;22.0;0.0;0.0
2017;1;DE FREITAS;Gorete;0.15;FN;20.0;15.0;0.15
2017;1;DAMERVAL;François;0.0;AES;35.0;0.0;0.0
2017;1;DOSNE;Olivier;0.192307692308;LR;26.0;19.2307692308;0.192307692308
2017;1;DESCHIENS;Sophie;0.0;LRI;29.0;0.0;0.0
2017;1;DUMAS;Catherine;0.04;LRI;25.0;4.0;0.04
2017;1;DUBOIS;Jean-Michel;0.0;FN;20.0;0.0;0.0
2017;1;DIDIER;Geoffroy;0.0;LRI;20.0;0.0;0.0
2017;1;GUILLAUD-BATAILLE;Fabien;0.04;FDG;25.0;4.0;0.04
2017;1;LASTEYRIE (de);Grégoire;0.0;LRI;25.0;0.0;0.0
2017;1;GONZALES;Didier;0.107142857143;LRI;28.0;10.7142857143;0.107142857143
2017;1;HUGONET;Jean-Raymond;0.0;LRI;26.0;0.0;0.0
2017;1;GAUDUCHEAU;Bernard;0.0;UDI;22.0;0.0;0.0
2017;1;JAOUEN;Elvira;0.05;E-IDF;20.0;5.0;0.05
2017;1;HAMON;Benoît;0.304347826087;AES;23.0;30.4347826087;0.304347826087
2017;1;JIMENEZ;Benoît;0.0;UDI;25.0;0.0;0.0
2017;1;HEBERT;Gérard;0.0;LRI;26.0;0.0;0.0
2016;2;KRIBI-ROMDHANE;Hella;0.03;S&R;29.0;3.0;0.03
2017;1;THOMAS;Olivier;0.103448275862;E-IDF;29.0;10.3448275862;0.103448275862
2017;1;TRIGANCE;Yannick;0.08;E-IDF;25.0;8.0;0.08
2017;1;SATOURI;Mounir;0.0645161290323;AES;31.0;6.45161290323;0.0645161290323
2017;1;YOUSSOUF;Mélissa;0.24;AES;25.0;24.0;0.24
2016;2;CHKROUN;Benjamin;0.04;UDI;27.0;4.0;0.04
2016;2;JIMENEZ;Benoît;0.07;UDI;28.0;7.0;0.07
2016;2;BENZELMAT;Yasmine;0.0;FN;24.0;0.0;0.0
2016;2;LECOQ;Jean-Pierre;0.0;LR;28.0;0.0;0.0
2017;1;TORO;Ludovic;0.05;UDI;20.0;5.0;0.05
2017;1;MONVILLE-DE CECCO;Bénédicte;0.129032258065;AES;31.0;12.9032258065;0.129032258065
2017;1;LAVALETTE (de);Béatrice;0.107142857143;UDI;28.0;10.7142857143;0.107142857143
2017;1;MESADIEU;Anne-Louise;0.192307692308;LRI;26.0;19.2307692308;0.192307692308
2017;1;PERE-BRILLAULT;Anne;0.0;LRI;25.0;0.0;0.0
2017;1;LAURENT;Philippe;0.0769230769231;UDI;26.0;7.69230769231;0.0769230769231
2017;1;QUILLERY;Christine;0.04;UDI;25.0;4.0;0.04
2017;1;RICHARD;Arnaud;0.047619047619;UDI;21.0;4.7619047619;0.047619047619
2017;1;MARGAIN;Franck;0.05;LRI;20.0;5.0;0.05
2017;1;PIGANEAU;Sylvie;0.0;LRI;25.0;0.0;0.0
2017;1;LE CLERE;Arnaud;0.0;LRI;27.0;0.0;0.0
2016;2;CHAIN-LARCHÉ;Anne;0.12;LR;25.0;12.0;0.12
2016;2;MONTANDON;Valérie;0.0;LR;28.0;0.0;0.0
2016;2;GHIATI;Vanessa;0.04;FDG;23.0;4.0;0.04
2016;2;FREY;Christine;0.1;S&R;30.0;10.0;0.1
2016;2;HAMON;Benoît;0.1;S&R;29.0;10.0;0.1
2016;2;VAN;Thi Hong Chau;0.0;CD;25.0;0.0;0.0
2016;2;REDA;Robin;0.03;LR;29.0;3.0;0.03
2016;2;SARKISSIAN;Roseline;0.03;S&R;38.0;3.0;0.03
2016;2;TARDY-JOUBERT;Nicolas;0.0;LR;30.0;0.0;0.0
2016;2;VALLETOUX;Frédéric;0.11;LR;28.0;11.0;0.11
2016;2;VIGIER;Jean-François;0.0;UDI;37.0;0.0;0.0
2016;2;CIUNTU;Marie-Carole;0.03;LR;33.0;3.0;0.03
2016;2;DESCHIENS;Sophie;0.03;LR;38.0;3.0;0.03
2016;2;FERNIOT;Benjamin;0.04;UDI;23.0;4.0;0.04
2016;2;CHERRIER;Pierre;0.09;FN;23.0;9.0;0.09
2016;2;AIDOUD;Samira;0.14;LR;29.0;14.0;0.14
2016;2;DOSNE;Olivier;0.0;LR;32.0;0.0;0.0
2016;1;CHAIN-LARCHÉ;Anne;0.03;LR;29.0;3.0;0.03
2016;1;BOURNAZEL;Pierre-Yves;0.0;LR;35.0;0.0;0.0
2016;2;DUBOIS;Jean-Michel;0.12;FN;25.0;12.0;0.12
2016;2;GUENOUX;Muriel;0.0;RCDE;23.0;0.0;0.0
2016;2;LOREC;Philippe;0.2;LR;30.0;20.0;0.2
2016;1;CHEVRON;Benoît;0.0;LR;37.0;0.0;0.0
2016;2;DRAY;Julien;0.29;S&R;24.0;29.0;0.29
2016;2;NASROU;Othman;0.0;LR;26.0;0.0;0.0
2016;2;SPIRI;Jean;0.07;LR;28.0;7.0;0.07
2016;2;NAUTH;Cyril;0.0;FN;23.0;0.0;0.0
2016;1;LIME-BIFFE;Catherine;0.06;S&R;32.0;6.0;0.06
2016;1;LECOUTURIER;Béatrice;0.0;CD;36.0;0.0;0.0
2016;1;SENÉE;Ghislaine;0.0;EELVA;43.0;0.0;0.0
2016;1;PÉCRESSE;Valérie;0.0;LR;34.0;0.0;0.0
2016;1;BARDELLA;Jordan;0.06;FN;31.0;6.0;0.06
2016;1;JALLAMION;Michel;0.0;FDG;37.0;0.0;0.0
2016;1;COBLENTZ;Caroline;0.0;LR;38.0;0.0;0.0
2016;1;REDLER;Jérémy;0.02;LR;41.0;2.0;0.02
2016;1;FUCHS;Sylvie;0.09;FDG;35.0;9.0;0.09
2016;1;GROS;Aurélie;0.14;LR;36.0;14.0;0.14
2016;2;GONTRIE (de la);Marie-Pierre;0.0;S&R;30.0;0.0;0.0
2016;2;LASTEYRIE (de);Grégoire;0.11;LR;28.0;11.0;0.11
2016;2;TAILLÉ-POLIAN;Sophie;0.0;S&R;32.0;0.0;0.0
2016;2;SALINI;Stéphane;0.04;UDI;25.0;4.0;0.04
2016;2;PECRESSE;Valérie;0.0;LR;25.0;0.0;0.0
2016;2;LE CLERE;Arnaud;0.0;LR;28.0;0.0;0.0
2016;2;BORD;Corinne;0.17;S&R;23.0;17.0;0.17
2016;2;PROFFIT;Julien;0.0;LR;34.0;0.0;0.0
2016;2;HEBERT;Gérard;0.0;LR;29.0;0.0;0.0
2016;2;LAPORTE;Manon;0.0;LR;27.0;0.0;0.0
2016;1;PERE-BRILLAULT;Anne;0.0;LR;36.0;0.0;0.0
2016;1;LEGARET;Jean-François;0.0;LR;35.0;0.0;0.0
2016;1;BERESSI;Isabelle;0.1;S&R;29.0;10.0;0.1
2016;1;GHIATI;Vanessa;0.03;FDG;31.0;3.0;0.03
2016;1;RUIZ;Jean-Michel;0.03;FDG;36.0;3.0;0.03
2016;1;BORD;Corinne;0.03;S&R;33.0;3.0;0.03
2016;1;BERTELLA-GEFFROY;Marie-Odile;0.03;EELVA;36.0;3.0;0.03
2017;1;MARQUAILLE;Benoît;0.142857142857;E-IDF;21.0;14.2857142857;0.142857142857
2017;1;LECOUTURIER;Béatrice;0.0357142857143;CD;28.0;3.57142857143;0.0357142857143
2017;1;MARSIGNY;Brigitte;0.103448275862;LRI;29.0;10.3448275862;0.103448275862
2017;1;PROFFIT;Julien;0.241379310345;LRI;29.0;24.1379310345;0.241379310345
2017;1;MELIANE;Loubna;0.28;E-IDF;25.0;28.0;0.28
2017;1;LEGRAND;Aurélien;0.0;FN;24.0;0.0;0.0
2017;1;SPIRI;Jean;0.037037037037;LRI;27.0;3.7037037037;0.037037037037
2017;1;OUCHIKH;Karim;0.15;NI;20.0;15.0;0.15
2017;1;VAN;Thi Hong Chau;0.0;CD;20.0;0.0;0.0
2016;2;THIS SAINT-JEAN;Isabelle;0.17;S&R;23.0;17.0;0.17
2016;2;VENEZIANO;Stéphanie;0.0;S&R;23.0;0.0;0.0
2016;2;SANTINI;Jean-Luc;0.19;LR;27.0;19.0;0.19
2016;2;PIGANEAU;Sylvie;0.03;LR;29.0;3.0;0.03
2016;1;BARIANI;Didier;0.14;UDI;29.0;14.0;0.14
2016;2;SOLERE;Thierry;0.09;LR;35.0;9.0;0.09
2016;2;JOUANNO;Chantal;0.0;UDI;25.0;0.0;0.0
2016;1;BODIN;Claude;0.05;LR;38.0;5.0;0.05
2016;2;KARAM;Patrick;0.0;LR;25.0;0.0;0.0
2017;1;GAYETS (des);Maxime;0.05;E-IDF;20.0;5.0;0.05
2017;1;LANIESSE;Philippine;0.0357142857143;CD;28.0;3.57142857143;0.0357142857143
2017;1;LACAPELLE;Jean-Lin;0.173913043478;FN;23.0;17.3913043478;0.173913043478
2017;1;JALLAMION;Michel;0.115384615385;FDG;26.0;11.5384615385;0.115384615385
2017;1;KRIBI-ROMDHANE;Hella;0.0;AES;23.0;0.0;0.0
2017;1;KALFON;François;0.2;E-IDF;20.0;20.0;0.2
2017;1;LAFON;Laurent;0.105263157895;UDI;19.0;10.5263157895;0.105263157895
2017;1;GHIATI;Vanessa;0.05;FDG;20.0;5.0;0.05
2017;1;LAPORTE;Manon;0.08;LRI;25.0;8.0;0.08
2017;1;KASMI;Samia;0.0;AES;27.0;0.0;0.0
2016;2;DUTHEIL DE LA ROCHERE;Bertrand;0.0;FN;22.0;0.0;0.0
2016;2;DAMERVAL;François;0.0;EELVA;35.0;0.0;0.0
2017;1;VIGIER;Jean-François;0.0;UDI;30.0;0.0;0.0
2016;2;HUGONET;Jean-Raymond;0.03;LR;29.0;3.0;0.03
2016;2;BARJOU;Dominique;0.11;S&R;27.0;11.0;0.11
2016;2;BOLLÉE;Joffrey;0.08;FN;24.0;8.0;0.08
2016;2;CUZOU;Gilbert;0.04;S&R;23.0;4.0;0.04
2016;2;FATNA;Huguette;0.07;FN;27.0;7.0;0.07
2016;2;ADLANI;Farida;0.24;CD;25.0;24.0;0.24
2016;2;ROYER;Christel;0.0;LR;29.0;0.0;0.0
2016;2;EUSTACHE-BRINIO;Jacqueline;0.08;LR;36.0;8.0;0.08
2016;2;DIRRINGER;Marie-Christine;0.0;CD;25.0;0.0;0.0
2016;2;BENHAIM;Frédéric;0.0;EELVA;27.0;0.0;0.0
2016;2;DA SILVA;Carlos;0.07;S&R;30.0;7.0;0.07
2016;2;LAURENT;Philippe;0.17;UDI;29.0;17.0;0.17
2016;2;BESCHIZZA;Bruno;0.04;LR;27.0;4.0;0.04
2016;2;BERTHAUD;Corinne;0.0;FN;23.0;0.0;0.0
2016;2;DUMAS;Catherine;0.08;LR;26.0;8.0;0.08
2016;2;CAMARA;Yasmine;0.0;LR;28.0;0.0;0.0
2016;2;TORO;Ludovic;0.04;UDI;24.0;4.0;0.04
2016;2;MESADIEU;Anne-Louise;0.2;LR;30.0;20.0;0.2
2016;2;DELEPAULE;Nathalie;0.04;UDI;23.0;4.0;0.04
2016;2;CHEVRIER;Philippe;0.08;NI;24.0;8.0;0.08
2016;2;DEROUARD;Clotilde;0.0;UDI;27.0;0.0;0.0
2016;2;BERESSI;Isabelle;0.0;S&R;23.0;0.0;0.0
2016;2;BARIANI;Didier;0.12;UDI;25.0;12.0;0.12
2016;2;MARGAIN;Franck;0.04;LR;23.0;4.0;0.04
2016;2;CHERON;James;0.08;UDI;26.0;8.0;0.08
2016;2;AZZAZ;Nadège;0.0;S&R;34.0;0.0;0.0
2016;2;REZEG;Hamida;0.19;LR;36.0;19.0;0.19
2016;1;BOURSE-PROVENCE;Dominique;0.0;FN;31.0;0.0;0.0
2016;1;DIRRINGER;Marie-Christine;0.18;CD;38.0;18.0;0.18
2016;1;FRANCLET;Karine;0.05;UDI;37.0;5.0;0.05
2016;1;CHKROUN;Benjamin;0.03;UDI;36.0;3.0;0.03
2016;1;BOLLÉE;Joffrey;0.2;FN;30.0;20.0;0.2
2016;2;MONVILLE-DE CECCO;Bénédicte;0.06;EELVA;34.0;6.0;0.06
2016;2;MARTINI-PEMEZEC;Carine;0.04;LR;27.0;4.0;0.04
2016;2;PERE-BRILLAULT;Anne;0.0;LR;28.0;0.0;0.0
2016;2;SATOURI;Mounir;0.11;EELVA;38.0;11.0;0.11
2016;2;BAELDE;Charlotte;0.07;CD;27.0;7.0;0.07
2016;2;GONZALES;Didier;0.06;LR;31.0;6.0;0.06
2016;2;THOMAS;Claudine;0.07;LR;27.0;7.0;0.07
2016;2;BARBOTIN;Gaël;0.04;LR;27.0;4.0;0.04
2016;2;MIGNOT;Didier;0.05;FDG;38.0;5.0;0.05
2016;2;LOUSTAU;Axel;0.25;FN;24.0;25.0;0.25
2016;1;TAILLÉ-POLIAN;Sophie;0.0;S&R;37.0;0.0;0.0
2016;1;BENHAIM;Frédéric;0.03;EELVA;37.0;3.0;0.03
2016;1;DA SILVA;Carlos;0.06;S&R;36.0;6.0;0.06
2016;1;CHARTIER;Jérôme;0.03;LR;29.0;3.0;0.03
2016;1;LECOQ;Jean-Pierre;0.05;LR;37.0;5.0;0.05
2016;1;JOUANNO;Chantal;0.1;UDI;29.0;10.0;0.1
2016;1;DOUSSET;Didier;0.06;CD;32.0;6.0;0.06
2016;1;CHERON;James;0.0;UDI;37.0;0.0;0.0
2016;1;THIS SAINT-JEAN;Isabelle;0.17;S&R;30.0;17.0;0.17
2016;1;AESCHLIMANN;Marie-Do;0.03;LR;31.0;3.0;0.03
2016;1;TRIGANCE;Yannick;0.0;S&R;35.0;0.0;0.0
2016;1;LEQUILLER;Pierre;0.03;LR;37.0;3.0;0.03
2016;1;BERTHAUD;Corinne;0.07;FN;30.0;7.0;0.07
2016;1;GUENOUX;Muriel;0.03;RCDE;30.0;3.0;0.03
2016;1;JIMENEZ;Benoît;0.24;UDI;37.0;24.0;0.24
2016;1;LOREC;Philippe;0.09;LR;34.0;9.0;0.09
2016;1;OUCHIKH;Karim;0.13;FN;30.0;13.0;0.13
2016;1;AIT;Eddie;0.07;RCDE;30.0;7.0;0.07
2016;1;ESPARGILIÈRE;Juliette;0.0;EELVA;37.0;0.0;0.0
2016;1;SARKISSIAN;Roseline;0.02;S&R;44.0;2.0;0.02
2016;1;QUILLERY;Christine;0.03;UDI;35.0;3.0;0.03
2016;1;DAUVERGNE;Emmanuelle;0.0;LR;35.0;0.0;0.0
2016;1;MÉLIANE;Loubna;0.06;S&R;34.0;6.0;0.06
2016;1;SANTINI;Jean-Luc;0.06;LR;35.0;6.0;0.06
2016;1;MILLIENNE;Bruno;0.08;CD;36.0;8.0;0.08
2016;1;CUZOU;Gilbert;0.03;S&R;31.0;3.0;0.03
2016;1;ROYER;Christel;0.03;LR;36.0;3.0;0.03
2016;1;LAVALETTE (de);Béatrice;0.03;UDI;36.0;3.0;0.03
2016;1;PÉCHENARD;Frédéric;0.0;LR;29.0;0.0;0.0
2016;1;SALL;Ramatoulaye;0.19;S&R;36.0;19.0;0.19
2016;1;JEANBRUN;Vincent;0.14;LR;42.0;14.0;0.14
2016;1;THOMAS;Olivier;0.05;S&R;41.0;5.0;0.05
2016;1;SERNE;Pierre;0.03;EELVA;34.0;3.0;0.03
2016;1;DUBOIS;Jean-Michel;0.0;FN;29.0;0.0;0.0
2016;1;BESCHIZZA;Bruno;0.13;LR;38.0;13.0;0.13
2016;2;BOURSE-PROVENCE;Dominique;0.04;FN;23.0;4.0;0.04
2017;1;TROUSSARD;Béatrice;0.08;NI;25.0;8.0;0.08
2017;1;SAADI;Mustapha;0.0689655172414;UDI;29.0;6.89655172414;0.0689655172414
2017;1;PRIMEVERT;Catherine;0.0;LRI;31.0;0.0;0.0
2017;1;ROMANA;Viviane;0.15;RCDEC;20.0;15.0;0.15
2017;1;WEHRLING;Yann;0.0454545454545;CD;22.0;4.54545454545;0.0454545454545
2017;1;SANTINI;Jean-Luc;0.12;LRI;25.0;12.0;0.12
2017;1;REZEG;Hamida;0.0689655172414;LRI;29.0;6.89655172414;0.0689655172414
2017;1;SALINI;Stéphane;0.0;UDI;18.0;0.0;0.0
2017;1;REDA;Robin;0.125;LRI;24.0;12.5;0.125
2017;1;MARTINI-PEMEZEC;Carine;0.0769230769231;LRI;26.0;7.69230769231;0.0769230769231
2017;1;PERDEREAU;Isabelle;0.0555555555556;LRI;36.0;5.55555555556;0.0555555555556
2017;1;MONTANDON;Valérie;0.0384615384615;LR;26.0;3.84615384615;0.0384615384615
2017;1;JEANBRUN;Vincent;0.214285714286;LRI;28.0;21.4285714286;0.214285714286
2017;1;LECOQ;Jean-Pierre;0.0384615384615;LRI;26.0;3.84615384615;0.0384615384615
2017;1;LEGARET;Jean-François;0.0;LRI;23.0;0.0;0.0
2017;1;LEQUILLER;Pierre;0.12;LRI;25.0;12.0;0.12
2017;1;PECRESSE;Valérie;0.0;LRI;20.0;0.0;0.0
2017;1;MILLIENNE;Bruno;0.0;CD;23.0;0.0;0.0
2017;1;MIGNOT;Didier;0.0;FDG;28.0;0.0;0.0
2016;2;PORTELLI;Florence;0.06;LR;34.0;6.0;0.06
2016;2;JALLAMION;Michel;0.07;FDG;28.0;7.0;0.07
2016;2;BEAUDET;Stéphane;0.04;LR;25.0;4.0;0.04
2016;2;DE FREITAS;Gorete;0.0;FN;24.0;0.0;0.0
2016;2;THOMAS;Olivier;0.1;S&R;29.0;10.0;0.1
2016;2;KANUTY;Pierre;0.14;S&R;28.0;14.0;0.14
2016;2;BÜRKLI;Delphine;0.0;LR;28.0;0.0;0.0
2016;2;DOUSSET;Didier;0.0;CD;27.0;0.0;0.0
2016;1;JARRY-BOUABID;Anne-Claire;0.0;S&R;36.0;0.0;0.0
2016;1;MARQUAILLE;Benoît;0.07;S&R;29.0;7.0;0.07
2016;1;YOUSSOUF;Mélissa;0.03;S&R;36.0;3.0;0.03
2016;1;MONCHECOURT;Sylvie;0.03;UDI;35.0;3.0;0.03
2016;1;LANIESSE;Philippine;0.02;CD;41.0;2.0;0.02
2016;1;DURANTON;Marianne;0.08;UDI;36.0;8.0;0.08
2016;1;KALFON;François;0.1;S&R;29.0;10.0;0.1
2016;1;KANUTY;Pierre;0.14;S&R;37.0;14.0;0.14
2016;1;MESSIER;Anne;0.05;LR;38.0;5.0;0.05
2016;1;SAINT JUST (de);Wallerand;0.18;FN;40.0;18.0;0.18
2016;1;DAMERVAL;François;0.0;EELVA;46.0;0.0;0.0
2016;1;NICOLLE;Jean-Marc;0.09;RCDE;34.0;9.0;0.09
2016;1;DUMAS;Frédérique;0.12;UDI;34.0;12.0;0.12
2016;1;DENIZIOT;Pierre;0.06;LR;36.0;6.0;0.06
2016;1;BENZELMAT;Yasmine;0.0;FN;31.0;0.0;0.0
2016;1;CAMARA;Yasmine;0.05;LR;44.0;5.0;0.05
2016;1;BATTAIL;Gilles;0.03;LR;37.0;3.0;0.03
2016;1;DRAY;Julien;0.14;S&R;29.0;14.0;0.14
2016;1;REDA;Robin;0.24;LR;33.0;24.0;0.24
2016;2;LIME-BIFFE;Catherine;0.03;S&R;31.0;3.0;0.03
2016;2;MARQUAILLE;Benoît;0.21;S&R;24.0;21.0;0.21
2016;1;CARMANTRAND;Caroline;0.14;LR;36.0;14.0;0.14
2016;2;SENEE;Ghislaine;0.0;EELVA;28.0;0.0;0.0
2016;1;CAMARA;Lamine;0.14;FDG;35.0;14.0;0.14
2016;2;LEGRAND;Aurélien;0.0;FN;30.0;0.0;0.0
2016;2;GUIBERT;Audrey;0.03;FN;29.0;3.0;0.03
2016;2;BAYOU;Julien;0.0;EELVA;23.0;0.0;0.0
2016;1;AIDOUD;Samira;0.17;LR;36.0;17.0;0.17
2016;2;CABRIT;Anne;0.06;LR;32.0;6.0;0.06
2016;1;TARDY-JOUBERT;Nicolas;0.0;LR;36.0;0.0;0.0
2016;1;VENEZIANO;Stéphanie;0.0;S&R;31.0;0.0;0.0
2016;1;PLACÉ;Jean-Vincent;0.0;RCDE;29.0;0.0;0.0
2016;1;BERTHOUT;Florence;0.03;LR;37.0;3.0;0.03
2016;1;RICHARD;Arnaud;0.07;UDI;30.0;7.0;0.07
2016;1;HEBERT;Gérard;0.05;LR;38.0;5.0;0.05
2016;1;VAN;Thi Hong Chau;0.0;CD;29.0;0.0;0.0
2016;1;LOUSTAU;Axel;0.06;FN;31.0;6.0;0.06
2016;2;DUGOIN-CLEMENT;Jean-Philippe;0.04;UDI;27.0;4.0;0.04
2016;2;GUILLAUD-BATAILLE;Fabien;0.26;FDG;27.0;26.0;0.26
2016;2;GRANDGAMBE;Sandrine;0.13;S&R;23.0;13.0;0.13
2016;2;PLANCHOU;Jean-Paul;0.14;S&R;28.0;14.0;0.14
2016;2;MARSIGNY;Brigitte;0.11;LR;37.0;11.0;0.11
2016;2;PLACÉ;Jean-Vincent;0.0;RCDE;22.0;0.0;0.0
2016;2;FOUCHÉ;Huguette;0.07;CD;29.0;7.0;0.07
2016;2;RUIZ;Jean-Michel;0.0;FDG;29.0;0.0;0.0
2016;2;GABRIEL;Denis;0.03;LR;29.0;3.0;0.03
2016;2;ROGER;Vincent;0.0;LR;28.0;0.0;0.0
2016;2;ESPARGILIERE;Juliette;0.07;EELVA;27.0;7.0;0.07
2016;2;LAMIRÉ-BURTIN;Sandrine;0.04;CD;27.0;4.0;0.04
2016;2;AESCHLIMANN;Marie-Do;0.04;LR;23.0;4.0;0.04
2016;2;LECOUTURIER;Béatrice;0.0;CD;27.0;0.0;0.0
2016;2;BOURNAZEL;Pierre-Yves;0.0;LR;29.0;0.0;0.0
2016;2;DURANTON;Marianne;0.07;UDI;27.0;7.0;0.07
2016;2;MELIANE;Loubna;0.04;S&R;27.0;4.0;0.04
2016;2;CHEVRON;Benoît;0.11;LR;27.0;11.0;0.11
2016;2;MALAISE;Céline;0.0;FDG;30.0;0.0;0.0
2016;2;CECCONI;Frank;0.0;UDI;30.0;0.0;0.0
2016;1;MONTANDON;Valérie;0.03;LR;36.0;3.0;0.03
2016;1;GAUDUCHEAU;Bernard;0.0;UDI;34.0;0.0;0.0
2016;1;CHEVRIER;Philippe;0.03;FN;29.0;3.0;0.03
2016;1;LAURENT;Philippe;0.12;UDI;41.0;12.0;0.12
2016;1;MALAISÉ;Céline;0.02;FDG;41.0;2.0;0.02
2016;1;ÉLIMAS;Nathalie;0.11;CD;37.0;11.0;0.11
2016;1;MIGNOT;Didier;0.05;FDG;42.0;5.0;0.05
2017;1;THIS SAINT-JEAN;Isabelle;0.238095238095;E-IDF;21.0;23.8095238095;0.238095238095
2017;1;VENEZIANO;Stéphanie;0.0;E-IDF;20.0;0.0;0.0
2016;2;BARDELLA;Jordan;0.04;FN;23.0;4.0;0.04
2016;2;CAMARA;Lamine;0.1;FDG;29.0;10.0;0.1
2016;2;COQUEREL;Eric;0.04;FDG;26.0;4.0;0.04
2016;2;COSSE;Emmanuelle;0.04;RCDE;24.0;4.0;0.04
2016;2;DUBLANCHE;Alexandra;0.03;LR;33.0;3.0;0.03
2016;2;GIAFFERI;Pascal;0.0;CD;29.0;0.0;0.0
2016;2;HIDRI;Faten;0.0;UDI;25.0;0.0;0.0
2016;2;KIENZLEN;Jonathan;0.03;S&R;29.0;3.0;0.03
2016;2;LACAPELLE;Jean-Lin;0.0;FN;29.0;0.0;0.0
2016;2;WEHRLING;Yann;0.1;CD;30.0;10.0;0.1
2016;2;ELIMAS;Nathalie;0.0;CD;27.0;0.0;0.0
2016;2;FRANCLET;Karine;0.07;UDI;27.0;7.0;0.07
2016;2;GAUDUCHEAU;Bernard;0.0;UDI;23.0;0.0;0.0
2016;2;KASMI;Samia;0.03;EELVA;33.0;3.0;0.03
2016;2;QUILLERY;Christine;0.0;UDI;28.0;0.0;0.0
2016;2;ROMERO;Roberto;0.18;S&R;34.0;18.0;0.18
2016;2;SALL;Ramatoulaye;0.21;S&R;28.0;21.0;0.21
2016;2;TEMAL;Rachid;0.17;S&R;30.0;17.0;0.17
2016;2;CAFFIN;Michel;0.11;LR;27.0;11.0;0.11
2016;2;CARMANTRAND;Caroline;0.18;LR;28.0;18.0;0.18
2016;2;DOUILLET;David;0.03;LR;32.0;3.0;0.03
2016;2;GAYETS (des);Maxime;0.0;S&R;24.0;0.0;0.0
2016;2;JEANBRUN;Vincent;0.09;LR;32.0;9.0;0.09
2016;2;LAFON;Laurent;0.04;UDI;24.0;4.0;0.04
2016;2;LAHMER;Annie;0.03;EELVA;33.0;3.0;0.03
2016;2;ROMANA;Viviane;0.04;S&R;23.0;4.0;0.04
2016;2;SERNE;Pierre;0.07;EELVA;30.0;7.0;0.07
2016;2;AIT;Eddie;0.0;RCDE;23.0;0.0;0.0
2016;2;BERTELLA-GEFFROY;Marie-Odile;0.11;EELVA;28.0;11.0;0.11
2016;2;CARILLON;Sylvie;0.04;LR;28.0;4.0;0.04
2016;2;DAUVERGNE;Emmanuelle;0.0;LR;27.0;0.0;0.0
2016;2;EVREN;Agnès;0.04;LR;25.0;4.0;0.04
2016;2;GROS;Aurélie;0.0;LR;28.0;0.0;0.0
2016;2;JUILLE;Vanessa;0.0;FN;24.0;0.0;0.0
2016;2;LAVALETTE (de);Béatrice;0.07;UDI;28.0;7.0;0.07
2016;2;PECHENARD;Frédéric;0.12;LR;25.0;12.0;0.12
2016;2;RUFET;Corinne;0.17;EELVA;24.0;17.0;0.17
2016;2;TRIGANCE;Yannick;0.0;S&R;29.0;0.0;0.0
2016;2;YOUSSOUF;Mélissa;0.25;S&R;28.0;25.0;0.25
2016;2;AUTAIN;Clémentine;0.18;FDG;34.0;18.0;0.18
2016;2;D'ASTA;Nicola;0.04;S&R;24.0;4.0;0.04
2016;2;DIDIER;Geoffroy;0.0;LR;25.0;0.0;0.0
2016;2;JARRY-BOUABID;Anne-Claire;0.0;S&R;27.0;0.0;0.0
2016;2;KUSTER;Brigitte;0.06;LR;34.0;6.0;0.06
2016;2;MONCHECOURT;Sylvie;0.18;UDI;28.0;18.0;0.18
2016;2;NKONDA;Brice;0.17;UDI;23.0;17.0;0.17
2016;2;RICHARD;Arnaud;0.25;UDI;24.0;25.0;0.25
2016;2;ROZIERES (de);Babette;0.19;LR;27.0;19.0;0.19
2016;2;TROUSSARD;Béatrice;0.07;FN;29.0;7.0;0.07
2016;1;GAYETS (des);Maxime;0.07;S&R;30.0;7.0;0.07
2016;1;FERNIOT;Benjamin;0.03;UDI;29.0;3.0;0.03
2016;1;MÉSADIEU;Anne-Louise;0.03;LR;34.0;3.0;0.03
2016;1;MOLLARD-CADIX;Laure-Agnès;0.06;UDI;32.0;6.0;0.06
2016;1;ANDROUËT;Mathilde;0.0;FN;34.0;0.0;0.0
2016;1;FOUCHÉ;Huguette;0.06;CD;35.0;6.0;0.06
2016;1;HAMON;Benoît;0.03;S&R;35.0;3.0;0.03
2016;1;KIENZLEN;Jonathan;0.0;S&R;34.0;0.0;0.0
2016;1;MONVILLE-DE CECCO;Bénédicte;0.03;EELVA;40.0;3.0;0.03
2016;1;PROFFIT;Julien;0.1;LR;41.0;10.0;0.1
2016;1;ADLANI;Farida;0.07;CD;29.0;7.0;0.07
2016;1;BARJOU;Dominique;0.14;S&R;36.0;14.0;0.14
2016;1;CECCONI;Frank;0.0;UDI;41.0;0.0;0.0
2016;1;DESCHIENS;Sophie;0.0;LR;43.0;0.0;0.0
2016;1;JEUNEMAITRE;Eric;0.12;LR;34.0;12.0;0.12
2016;1;LEGRAND;Aurélien;0.0;FN;34.0;0.0;0.0
2016;1;NAUTH;Cyril;0.06;FN;31.0;6.0;0.06
2016;1;ROMERO - MICHEL;Jean-Luc;0.09;RCDE;34.0;9.0;0.09
2016;1;CARILLON;Sylvie;0.09;LR;35.0;9.0;0.09
2016;1;COSSE;Emmanuelle;0.09;RCDE;32.0;9.0;0.09
2016;1;COTÉ-MILLARD;Véronique;0.03;UDI;36.0;3.0;0.03
2016;1;DUBLANCHE;Alexandra;0.0;LR;40.0;0.0;0.0
2016;1;LAHMER;Annie;0.06;EELVA;35.0;6.0;0.06
2016;1;ROMANA;Viviane;0.03;S&R;31.0;3.0;0.03
2016;1;ALEXANDRE;Magali;0.0;S&R;30.0;0.0;0.0
2016;1;ROZIÈRES (de);Babette;0.18;LR;34.0;18.0;0.18
2016;1;DUMAS;Catherine;0.0;LR;34.0;0.0;0.0
2016;1;LAMIRÉ-BURTIN;Sandrine;0.03;CD;29.0;3.0;0.03
2016;1;MARGAIN;Franck;0.03;LR;30.0;3.0;0.03
2016;1;NASROU;Othman;0.02;LR;41.0;2.0;0.02
2017;1;FOUCHÉ;Huguette;0.0689655172414;CD;29.0;6.89655172414;0.0689655172414
2018;1;COTÉ-MILLARD;Véronique;0.0;UDI;15.0;0.0;0.0
2018;1;DUBOIS;Jean-Michel;0.0;RN-IDF;13.0;0.0;0.0
2018;1;CIUNTU;Marie-Carole;0.0;LRI;14.0;0.0;0.0
2018;1;DESCHIENS;Sophie;0.0;LRI;20.0;0.0;0.0
2018;1;DENIZIOT;Pierre;0.0;LRI;20.0;0.0;0.0
2018;1;CHEVRON;Benoît;0.0;LRI;22.0;0.0;0.0
2018;1;DRAY;Julien;0.0;E-IDF;9.0;0.0;0.0
2018;1;COSKUN;Taylan;0.0;FDG;12.0;0.0;0.0
2018;1;DOUSSET;Didier;0.0;CD;9.0;0.0;0.0
2018;1;CUZOU;Gilbert;0.0;NI;8.0;0.0;0.0
2018;1;GUILLAUD-BATAILLE;Fabien;0.0;FDG;13.0;0.0;0.0
2018;1;JARRY-BOUABID;Anne-Claire;0.0;AES;14.0;0.0;0.0
2018;1;LIME-BIFFE;Catherine;0.0;E-IDF;24.0;0.0;0.0
2018;1;GUIBERT;Audrey;0.0;RN-IDF;15.0;0.0;0.0
2018;1;MECHMACHE;Mohammed;0.0;AES;14.0;0.0;0.0
2018;1;HUBERT;Florent;0.0;E-IDF;13.0;0.0;0.0
2018;1;JEANBRUN;Vincent;0.0;LRI;22.0;0.0;0.0
2018;1;GHIATI;Vanessa;0.0;FDG;15.0;0.0;0.0
2016;1;PORTELLI;Florence;0.07;LR;41.0;7.0;0.07
2016;1;SATOURI;Mounir;0.02;EELVA;44.0;2.0;0.02
2016;1;THOMAS;Claudine;0.11;LR;38.0;11.0;0.11
2016;1;TROUSSARD;Béatrice;0.06;FN;35.0;6.0;0.06
2016;1;AZZAZ;Nadège;0.11;S&R;47.0;11.0;0.11
2016;1;BEAUDET;Stéphane;0.07;LR;29.0;7.0;0.07
2016;1;DEROUARD;Clotilde;0.03;UDI;38.0;3.0;0.03
2016;1;FREY;Christine;0.0;S&R;34.0;0.0;0.0
2016;1;GRANDGAMBE;Sandrine;0.13;S&R;30.0;13.0;0.13
2016;1;MARSIGNY;Brigitte;0.14;LR;44.0;14.0;0.14
2016;1;NKONDA;Brice;0.13;UDI;31.0;13.0;0.13
2016;1;PAWLIK;Déborah;0.0;LR;42.0;0.0;0.0
2016;1;BARBOTIN;Gaël;0.03;LR;35.0;3.0;0.03
2016;1;BAYOU;Julien;0.09;EELVA;32.0;9.0;0.09
2016;1;D'ASTA;Nicola;0.03;S&R;30.0;3.0;0.03
2016;1;DIDIER;Geoffroy;0.18;LR;34.0;18.0;0.18
2016;1;GONZALES;Didier;0.05;LR;44.0;5.0;0.05
2016;1;JUILLE;Vanessa;0.03;FN;31.0;3.0;0.03
2016;1;PLANCHOU;Jean-Paul;0.06;S&R;35.0;6.0;0.06
2016;1;CARREY-CONTE;Fanélie;0.0;S&R;29.0;0.0;0.0
2016;1;EUSTACHE-BRINIO;Jacqueline;0.09;LR;43.0;9.0;0.09
2016;1;GUILLAUME;Marie-Célie;0.03;UDI;29.0;3.0;0.03
2016;1;JAOUEN;Elvira;0.03;S&R;31.0;3.0;0.03
2016;1;KRIBI-ROMDHANE;Hella;0.03;S&R;36.0;3.0;0.03
2017;2;KALFON;François;0.0769230769231;E-IDF;26.0;7.69230769231;0.0769230769231
2017;2;LANIESSE;Philippine;0.151515151515;CD;33.0;15.1515151515;0.151515151515
2017;2;GIAZZI;Danièle;0.0833333333333;LRI;24.0;8.33333333333;0.0833333333333
2017;2;JIMENEZ;Benoît;0.0740740740741;UDI;27.0;7.40740740741;0.0740740740741
2017;2;HUBERT;Florent;0.25;E-IDF;12.0;25.0;0.25
2017;2;GAUDUCHEAU;Bernard;0.0;UDI;26.0;0.0;0.0
2017;2;GUIBERT;Audrey;0.0344827586207;FN;29.0;3.44827586207;0.0344827586207
2017;2;HAMON;Benoît;0.137931034483;AES;29.0;13.7931034483;0.137931034483
2017;2;KENYA;Ngandu;0.0909090909091;LRI;22.0;9.09090909091;0.0909090909091
2017;2;KASMI;Samia;0.0333333333333;AES;30.0;3.33333333333;0.0333333333333
2017;2;LAVALETTE (de);Béatrice;0.04;UDI;25.0;4.0;0.04
2017;2;MARTINI-PEMEZEC;Carine;0.1;LRI;30.0;10.0;0.1
2017;2;MESADIEU;Anne-Louise;0.0689655172414;LRI;29.0;6.89655172414;0.0689655172414
2017;2;LASTEYRIE (de);Grégoire;0.0;LRI;26.0;0.0;0.0
2017;2;NICOLLE;Jean-Marc;0.130434782609;RCDEC;23.0;13.0434782609;0.130434782609
2017;2;MECHMACHE;Mohammed;0.107142857143;AES;28.0;10.7142857143;0.107142857143
2017;2;LIME-BIFFE;Catherine;0.0;E-IDF;28.0;0.0;0.0
2017;2;LOUSTAU;Axel;0.0434782608696;FN;23.0;4.34782608696;0.0434782608696
2017;2;NASROU;Othman;0.0;LRI;29.0;0.0;0.0
2017;2;MIGNOT;Didier;0.0;FDG;31.0;0.0;0.0
2017;1;DIRRINGER;Marie-Christine;0.1;CD;20.0;10.0;0.1
2017;1;DOUILLET;David;0.0357142857143;LRI;28.0;3.57142857143;0.0357142857143
2017;1;COBLENTZ;Caroline;0.08;LRI;25.0;8.0;0.08
2017;1;DOUSSET;Didier;0.047619047619;CD;21.0;4.7619047619;0.047619047619
2017;1;DEROUARD;Clotilde;0.0;UDI;27.0;0.0;0.0
2017;1;CABRIT;Anne;0.0740740740741;LRI;27.0;7.40740740741;0.0740740740741
2017;1;CHKROUN;Benjamin;0.0;UDI;26.0;0.0;0.0
2017;1;CAMARA;Lamine;0.04;FDG;25.0;4.0;0.04
2017;1;CAMARA;Yasmine;0.0;LRI;29.0;0.0;0.0
2017;1;CUZOU;Gilbert;0.25;NI;20.0;25.0;0.25
2017;2;SARKISSIAN;Roseline;0.0;E-IDF;33.0;0.0;0.0
2017;1;BERTHOUT;Florence;0.037037037037;LRI;27.0;3.7037037037;0.037037037037
2017;2;PROFFIT;Julien;0.129032258065;LRI;31.0;12.9032258065;0.129032258065
2017;2;SALL;Ramatoulaye;0.206896551724;AES;29.0;20.6896551724;0.206896551724
2017;2;TRIGANCE;Yannick;0.0;E-IDF;28.0;0.0;0.0
2017;1;BATTAIL;Gilles;0.0384615384615;LRI;26.0;3.84615384615;0.0384615384615
2017;2;SENEE;Ghislaine;0.0;AES;29.0;0.0;0.0
2017;2;NKONDA;Brice;0.04;UDI;25.0;4.0;0.04
2017;1;AIT;Eddie;0.05;RCDEC;20.0;5.0;0.05
2017;1;BAYOU;Julien;0.0;AES;20.0;0.0;0.0
2017;2;DUTHEIL DE LA ROCHERE;Bertrand;0.0;NI;23.0;0.0;0.0
2017;2;CARMANTRAND;Caroline;0.0666666666667;LRI;30.0;6.66666666667;0.0666666666667
2017;2;DUMAS;Frédérique;0.166666666667;RCDEC;24.0;16.6666666667;0.166666666667
2017;2;DELEPAULE;Nathalie;0.0666666666667;UDI;30.0;6.66666666667;0.0666666666667
2017;2;DUBOIS;Jean-Michel;0.153846153846;FN;26.0;15.3846153846;0.153846153846
2017;2;CECCONI;Frank;0.103448275862;UDI;29.0;10.3448275862;0.103448275862
2017;2;FATNA;Huguette;0.0434782608696;FN;23.0;4.34782608696;0.0434782608696
2017;2;CHKROUN;Benjamin;0.0;UDI;29.0;0.0;0.0
2017;2;DOSNE;Olivier;0.0;LRI;29.0;0.0;0.0
2017;2;EVREN;Agnès;0.0;LRI;23.0;0.0;0.0
2018;1;THIS SAINT-JEAN;Isabelle;0.0;E-IDF;9.0;0.0;0.0
2018;1;TARDY-JOUBERT;Nicolas;0.0;LRI;14.0;0.0;0.0
2017;2;BERTHOUT;Florence;0.0344827586207;LRI;29.0;3.44827586207;0.0344827586207
2017;2;BORD;Corinne;0.0769230769231;E-IDF;26.0;7.69230769231;0.0769230769231
2017;2;BOLLÉE;Joffrey;0.173913043478;FN;23.0;17.3913043478;0.173913043478
2017;2;AIDOUD;Samira;0.148148148148;LRI;27.0;14.8148148148;0.148148148148
2017;2;AZZAZ;Nadège;0.0;E-IDF;35.0;0.0;0.0
2018;1;SAMSOEN;Nicolas;0.0;UDI;9.0;0.0;0.0
2018;1;SERNE;Pierre;0.0;AES;16.0;0.0;0.0
2018;1;TORO;Ludovic;0.0;UDI;14.0;0.0;0.0
2016;1;PRIMEVERT;Catherine;0.0;LR;39.0;0.0;0.0
2016;1;SPIRI;Jean;0.03;LR;35.0;3.0;0.03
2016;1;BADRÉ;Marie-Pierre;0.17;LR;36.0;17.0;0.17
2016;1;CAFFIN;Michel;0.19;LR;37.0;19.0;0.19
2016;1;SALINI;Stéphane;0.03;UDI;29.0;3.0;0.03
2016;1;BAELDE;Charlotte;0.03;CD;35.0;3.0;0.03
2016;1;GABRIEL;Denis;0.05;LR;40.0;5.0;0.05
2016;1;PERDEREAU;Isabelle;0.05;LR;43.0;5.0;0.05
2016;1;DELEPAULE;Nathalie;0.13;UDI;30.0;13.0;0.13
2016;1;KUSTER;Brigitte;0.1;LR;39.0;10.0;0.1
2017;1;DRAY;Julien;0.238095238095;E-IDF;21.0;23.8095238095;0.238095238095
2017;1;DUMAS;Frédérique;0.181818181818;RCDEC;22.0;18.1818181818;0.181818181818
2017;1;ESPARGILIERE;Juliette;0.0384615384615;RCDEC;26.0;3.84615384615;0.0384615384615
2017;1;FATNA;Huguette;0.047619047619;FN;21.0;4.7619047619;0.047619047619
2018;1;ESPARGILIERE;Juliette;0.0;RCDEC;9.0;0.0;0.0
2018;1;FATNA;Huguette;0.0;RN-IDF;10.0;0.0;0.0
2016;1;GONTRIE (de la);Marie-Pierre;0.07;S&R;41.0;7.0;0.07
2016;1;VIGIER;Jean-François;0.14;UDI;43.0;14.0;0.14
2016;1;VON EUW;Stéphanie;0.03;LR;29.0;3.0;0.03
2016;1;RUFET;Corinne;0.14;EELVA;29.0;14.0;0.14
2016;1;MEIGNEN;Thierry;0.14;LR;36.0;14.0;0.14
2016;1;WEHRLING;Yann;0.18;CD;34.0;18.0;0.18
2016;1;GIAFFERI;Pascal;0.0;CD;35.0;0.0;0.0
2016;1;COURNET;Aurélie;0.0;FN;28.0;0.0;0.0
2016;1;LE CLERE;Arnaud;0.0;LR;35.0;0.0;0.0
2016;1;DUGOIN-CLÉMENT;Jean-Philippe;0.03;UDI;35.0;3.0;0.03
2016;1;LASTEYRIE (de);Grégoire;0.06;LR;35.0;6.0;0.06
2016;1;MARTINI-PEMEZEC;Carine;0.03;LR;36.0;3.0;0.03
2016;1;VALLETOUX;Frédéric;0.17;LR;35.0;17.0;0.17
2016;1;BÜRKLI;Delphine;0.03;LR;35.0;3.0;0.03
2016;1;SOLERE;Thierry;0.07;LR;41.0;7.0;0.07
2016;1;TEMAL;Rachid;0.03;S&R;35.0;3.0;0.03
2016;1;LAFON;Laurent;0.1;UDI;29.0;10.0;0.1
2016;1;HIDRI;Faten;0.03;UDI;29.0;3.0;0.03
2016;1;ROGER;Vincent;0.0;LR;35.0;0.0;0.0
2016;1;DE FREITAS;Gorete;0.13;FN;30.0;13.0;0.13
2016;1;CIUNTU;Marie-Carole;0.09;LR;43.0;9.0;0.09
2016;1;KASMI;Samia;0.1;EELVA;40.0;10.0;0.1
2016;1;ÉVREN;Agnès;0.0;LR;29.0;0.0;0.0
2016;1;AUTAIN;Clémentine;0.1;FDG;41.0;10.0;0.1
2016;1;LACAPELLE;Jean-Lin;0.28;FN;36.0;28.0;0.28
2016;1;ROMERO;Roberto;0.03;S&R;40.0;3.0;0.03
2016;1;PIGANEAU;Sylvie;0.03;LR;37.0;3.0;0.03
2016;1;FATNA;Huguette;0.09;FN;32.0;9.0;0.09
2016;1;SAADI;Mustapha;0.0;UDI;43.0;0.0;0.0
2016;1;DUTHEIL DE LA ROCHERE;Bertrand;0.03;FN;35.0;3.0;0.03
2016;1;TORO;Ludovic;0.0;UDI;29.0;0.0;0.0
2016;1;LAPORTE;Manon;0.06;LR;36.0;6.0;0.06
2016;1;LE BOHELLEC;Franck;0.22;LR;37.0;22.0;0.22
2016;1;HUMBERT;Thibault;0.05;LR;39.0;5.0;0.05
2016;1;COQUEREL;Eric;0.03;FDG;36.0;3.0;0.03
2016;1;CHERRIER;Pierre;0.0;FN;28.0;0.0;0.0
2016;1;REZEG;Hamida;0.15;LR;39.0;15.0;0.15
2016;1;KARAM;Patrick;0.0;LR;29.0;0.0;0.0
2018;1;KANUTY;Pierre;0.0;E-IDF;13.0;0.0;0.0
2018;1;GUENOUX;Muriel;0.0;RCDEC;17.0;0.0;0.0
2018;1;JAOUEN;Elvira;0.0;E-IDF;9.0;0.0;0.0
2018;1;GAMRAOUI;Khadija;0.0;LRI;16.0;0.0;0.0
2018;1;GONZALES;Didier;0.0;LRI;15.0;0.0;0.0
2018;1;DENIZ;Emir;0.133333333333;AES;15.0;13.3333333333;0.133333333333
2018;1;DIDIER;Geoffroy;0.0;LRI;13.0;0.0;0.0
